Título,Data,Link,Fonte,Resumo
Prefeitura recebe verba para custeio da Saúde - Mogi Mirim/SP,06/05/2025 06:06,https://news.google.com/rss/articles/CBMilgFBVV95cUxOYm5tcVZ0amEwSjVOVjlkdnJjYi15U1BTdi1JeFRzWk5HXzViNElzS2EwcWlQajlKTDNLQ01PWndyaFlublFHSEFNX2V2NDdRci15OWV4WF9ZM2tNLXZFN3owZGhPdndMcEl3YmtYQ1QzbGFRWXRlMzJ5TWR0RnViM2M2alQ2SGJNekhzT3NJbm1HSXVGQ0E?oc=5,Mogi Mirim/SP,"Resuma o seguinte texto em 3 frases:

Prefeitura recebe verba para custeio da Saúde - Mogi Mirim/SP

A Saúde está sendo paga por pouco mais de quatro milhões de funcionários. É um problema para todos os estados e Municipais: o Governo Temer já anunciou adiamento da reforma da Previdência, mas é por isso que, por conta do PIB, a reforma deveria ser feita de forma gradual e aprovada antes do almoço.

Prefeitura recebe verba para custeio da Saúde - Mogi Mirim/SP

A dificuldade de fazer o financiamento da Saúde porque havia o problema"
Câmara dos Deputados equipara auxílio-alimentação ao valor do Senado e TCU - Sindilegis,01/05/2025 01:46,https://news.google.com/rss/articles/CBMiowFBVV95cUxQMkkwRnJiMlZIZHNJUFRtQmdFdXcwbU1MMU1jYUZtSHF4Y2ItTS1CczFyaFozOXFzX1pfbzlwakd4QzNZLUM5TnplOHN1NG5qa210cjRGNVdIdmJZN1pjaEozLVl6cGM2cVBKWlNnX2dWRDhkVi1Ca2xCMEN3SVhZYThBVWJfMC10UTBlQ0hRQkE3MzZ0X3hidUM0RzFRclpYV1RN?oc=5,Sindilegis,Câmara dos Deputados equipara auxílio-alimentação ao valor do Senado e TCU - Sindilegis
Deputado Federal Luiz Carlos Motta alerta para risco de colapso financeiro do Correios | Geral - Revista É Rio Preto,24/04/2025 23:32,https://news.google.com/rss/articles/CBMiwgFBVV95cUxQYzkyZk1rLVhQejgyOEg2VXNqLUVpeDdNdm0zdGlBTGhJSUdtUTZ0bFNJemtuQmxfX3MxTVFjazI5RVVsSy1mckMwdGpUY3BMa0VVTEo5TkFGNEpreXdMaVBPUGY2cXhZdDdnOU1wR0o4ZlFuR3pJZklkY1ZoZkNHazg1a3ZiUWN4WFl2UFdrdTU2M09raGR4MUJjRXRzU2dGOW9xekRTU2NwLTdwTVpfVU5fSl9pQXpoUmNNWUNVckk5QQ?oc=5,Revista É Rio Preto,Deputado Federal Luiz Carlos Motta alerta para risco de colapso financeiro do Correios | Geral - Revista É Rio Preto
Coronel Fábio Candido se reúne com Padilha em Brasília em busca de recursos - Diário da Região,22/04/2025 10:00,https://news.google.com/rss/articles/CBMixwFBVV95cUxOZWp4OGdmQVloUnFXZVVTWHN6bVc0TC1RZllKd21JRmNaRTlodnhZWkpUREQwY0NKTUdjOFYxRlhqYS1uVHkzU2VCMHlTSjJKWFA4VFk4T28zby1VWjFXcllCSTJ5UjBJQlR0T0pTczNOM25qS29qeGNxUWRya29MaWdUSDVfaWo4ZzV2c2huOHJLZlR6OFdudjM2aXd0MUY3RXY4NmliS1U3dzNKVmJ3RTJ2NWZTdVF1Umc3cDczSjBZOHZkSUhn?oc=5,Diário da Região,Coronel Fábio Candido se reúne com Padilha em Brasília em busca de recursos - Diário da Região
Deputado quer informações dos Correios sobre risco de ‘colapso financeiro’ - VEJA,21/04/2025 10:00,https://news.google.com/rss/articles/CBMisgFBVV95cUxQT3hmNUFjRjlHQUtfV21wX1M5ZnNZRk02YXdTbnRmQnNnb0J0Mm9RZE53WFlzUlJkSVFNTTR6N0VzX2VDbERwenRiek5LVTNLd2NRbFQ5ZTI0Q3ZWeDBUUEY0RlhaYTBCTWFwczJyRldCMWRSTTBiY2JOLWdfQUt6ZklLWGpiX3RObUFpZUxtZzd5RUlTdnFoMGxmb2pZdnk1TTJkWHRRUUxxWFRzeHJXTDl3?oc=5,VEJA,Deputado quer informações dos Correios sobre risco de ‘colapso financeiro’ - VEJA
Orçamento Geral da União destina R$ 50 milhões para Rio Preto - Prefeitura de São José do Rio Preto,19/04/2025 06:48,https://news.google.com/rss/articles/CBMiogFBVV95cUxOVEdSUmo3bUxYSmlFUHl4aHZ1WHVxUGxnc2sxbUc3RkJoRE9CN3RBWXpIaDdTZXJtSU1CcTdQdnNtR05VWWtkR1V5NnM1NEc5VHRBd0UwRjR6WnJDQ3dHMzMySVp2SjNNZ2tQOGN0bXIxeFdac1FFSWdsQzc5czVkbEl2U1h1bS1sOXVZU2JFWlI0dnRvZzBfeDZaRTFIMzBvTGc?oc=5,Prefeitura de São José do Rio Preto,Orçamento Geral da União destina R$ 50 milhões para Rio Preto - Prefeitura de São José do Rio Preto
Fecomerciários: 86 anos de um sindicalismo dinâmico - Jornal Biz,15/04/2025 10:00,https://news.google.com/rss/articles/CBMickFVX3lxTE1ubE5jZ29wTmc3OGp4NW4yY2VrQWE1bmdCM0lFVkp2akN0X2ROZ21BajNHUjJfRElaSG9BNGlOTm1wZFduMHB6ellYalZDMV9LMjZ2OWhtV2ZBQ3lEOFpKUkpKWkdHSGFjNWc5cWlWMjFlUQ?oc=5,Jornal Biz,Fecomerciários: 86 anos de um sindicalismo dinâmico - Jornal Biz
Auxílio-alimentação: Sindilegis cobra equiparação na Câmara e mobiliza apoio de deputados - Sindilegis,03/04/2025 10:00,https://news.google.com/rss/articles/CBMitgFBVV95cUxQbmZsN0VtUGxGcE9rVkRLUzUyaFhoRHFleVJ2Z3hlMlI1NVJUYU4ydzJ1OXo4bllTanU5eEVYY0dkLU5YZUo3M2VWWHRpeldsUG9kYXFrOWNGajBTRF9qejhJaDNSV2pQRGJ1YlR4LXVuQ1V3bFZVRTZSQm1yTnJLZVpOZGNjN2NwS3hONjNmUHBaNGZ4RENNUFFmdlNzX0ctc3A1dklkaU55ZDNVS2cxTnFDblVWdw?oc=5,Sindilegis,"Resuma o seguinte texto em 3 frases:

Auxílio-alimentação: Sindilegis cobra equiparação na Câmara e mobiliza apoio de deputados - Sindilegis dáce que os e o aufemáli estar en em nombre: http://www.freedcine.com/content/201605/16-10-en-sindilegis-so-a-ufere-os-es-seguinte-tos.html?x=7b"
Dirigentes de central sindical trocam farpas por causa de Eduardo Bolsonaro - Folha de S.Paulo,25/03/2025 10:00,https://news.google.com/rss/articles/CBMizwFBVV95cUxQb21HaWxwMlFPN1pJb0lORjN6d1NHdkRhS0RudlBlSTFMSml1SUc0YTl4N3d1NGRLdTZ5T2dQOFVTTlQwNmpKbDBYeHRkaFlLWkZXT2JYamVzM2xiemxKRDl3b3NxbGtHaEFkajRHS3BDbDhSNXFEX2g5a1ZQY2NkMlZ0YjZfbW91MFVZOV81ZlFXei1iU2FOMy1MYVp2NS1zUjlOeVhBLWNVS2poa2djcktXcUk4NFk0NXpIaUdUcll3WXpZQTRtdXdpNXh0SGfSAdQBQVVfeXFMTnBmQzBMOGlrVlpVaWhkeHZ6ZTJxS2xiM2E0d3VrXzRjcUJKMlhUZ19DeHBLdnJKQk9TemIxUjcxZ2xsNm5GMkg1TWJCZVBwSUp2bHpsUWVyY2NwdXk0akFmeGFfeHpzbDI3TXQycEtVMy13SEN5UkxSanhjUlVpZ1NoQWVIYjFQRk1DLXAxNEtjX0VZY1pVQ0Rrd0hRaHB2S3pVM1pDOHdvcW1nWmZVeG9kTUl4Xy1aX2pIX1BWNzFHTlhpQ1pyUFROVWtFenQyak54cXg?oc=5,Folha de S.Paulo,Dirigentes de central sindical trocam farpas por causa de Eduardo Bolsonaro - Folha de S.Paulo
Deputado viabiliza mais de R$ 7 milhões para Piracicaba - sampi.net.br,23/03/2025 23:29,https://news.google.com/rss/articles/CBMiugFBVV95cUxNNHBVMHhva1N0M05sd09YNjdrY2ZyVWRuc0tpNmR4emxfb1A1WGR4SUJCQlNOVWd3QVIyOTc0UnliY1pJcUU5YThhSDRKU1dIbTRmRDNyQnUwU1VsLXBVRC04ek04UXFrZXZadHpwZl9jaG9kZzItaGhKelQtRW5SVmYzZnplNXBKbWtjbVFmWUxiLUV1LXdORTBJaU5YdjdDUDJ4RzR4VVROazdBdGlrajlGS000ZmNzQWc?oc=5,sampi.net.br,Deputado viabiliza mais de R$ 7 milhões para Piracicaba - sampi.net.br
Deputado federal vai intermediar recursos para Piracicaba - sampi.net.br,21/03/2025 16:54,https://news.google.com/rss/articles/CBMivAFBVV95cUxOLTZFWkw2M056dTZ4NTMwWE9Jd3pqNVYyWmpfd2Q4WjdWVm8wWnUxbzlYcXc3MlRSNmRlRXJKMmdROExKcHFjeldIZHhMbFFIVUkzMGFQUld1VzNJMjdsWHkyY0xTaUFqLXFYN3JHcThfUzlSSXJDYjNHaDdyekZnYkExbzI3X1NKYllEblpkb0QzUFczR1dVUWt3ekJFc2paNGFVOWtZZFpNdWQxTGViNWJIaVBwRHVyb3pBUw?oc=5,sampi.net.br,Deputado federal vai intermediar recursos para Piracicaba - sampi.net.br
Deputado federal Luiz Carlos Motta visita Prefeitura de Fernandópolis - OExtra.net,15/03/2025 12:02,https://news.google.com/rss/articles/CBMimgFBVV95cUxQY1FhRm05ZWpWcG9DTFZuT0dyNnZTb29lV3gyanA5Q0h4N1JiNlNSTHlIclMzUG5ZTFBGSzMtMGdOMThfSDU2MEZnc21BWmNfb3BobzZHY2Mxa3FIWUNoc2dQRzNJbVZsSFd0dFFFT3VrWlRBS1VDSHFFMXgxR1dHcjNDd2RTX3B4V0JidUlwLVU2a0k4anBsMUtB?oc=5,OExtra.net,Deputado federal Luiz Carlos Motta visita Prefeitura de Fernandópolis - OExtra.net
Os cinco deputados do PL de Bolsonaro que assinaram a PEC 6×1 - Metrópoles,26/02/2025 11:00,https://news.google.com/rss/articles/CBMirgFBVV95cUxOMGJwZ2NoSk5uSDVFUUh4VUxLMkhiWFdBSFgtaGNnbFdCWFRGSW5OaHRQeS1LVEQwNndJT1VyNE1TREFOREJGU2FEUFdFQ2pvcFY3TnotMkpZMDlPVW9BRXlNZ2c0RWQxVlBEa1VPQXRuZlc3RC1RZ0lIYnVRYVZjLVRaMnd3MG5GbDJmeEN3QWJ6aS1veVgtTUdLRWd3aGt4R3JHWGN6RjhvMDd0TWc?oc=5,Metrópoles,Os cinco deputados do PL de Bolsonaro que assinaram a PEC 6×1 - Metrópoles
Deputado Motta garante renovação de benefício fiscal para o setor do amendoim em São Paulo - Votunews,25/02/2025 11:00,https://news.google.com/rss/articles/CBMiuwFBVV95cUxPUmNqUjdPQkxfYjhoUXJtZkZkdlEzM2hKdkltbWRtb1ptYkwzWk1JTGktYlliSHdkdmpoSU5zWjllYzA0Nk9NbUFFa291V3laQURVYWVYZzhOQ19MTGo3X3BfN2hvSU1qdjNMTmwxSXhxQXBhZV9mY3RNRVppQVdIWFR5aHRSem9jQUprLUhOZUxOdTJsc0NydnRpelNhaU5TLUpoWko0NFRvdVktTTB1VnlFS2VsWFN1RFNv?oc=5,Votunews,Deputado Motta garante renovação de benefício fiscal para o setor do amendoim em São Paulo - Votunews
Motta assume diretório do PL temporariamente - Gazeta de Rio Preto,24/02/2025 11:00,https://news.google.com/rss/articles/CBMirwFBVV95cUxQM0xWamM3WER3VFRIaVVpOUp3SWQzNzVQTUlmQnA5bk54OTFYSzlZZzJva2dJWEFjMlgyWTN2OU5qVGpBR3ZVX1pEaWlGSldnSDRsVUtuNEpvWFMyeW5hYkJEWGlnbnhjdDRYc29TZnNrU1RSRlhkZlljY1pqeTVHc2drbFpVS1pJUVl1ZmltMlRMRG5nMEFmWDQ5SDRwS2UxX1JPWmhTZEZOX1BDNlVB?oc=5,Gazeta de Rio Preto,Motta assume diretório do PL temporariamente - Gazeta de Rio Preto
Marcondes se afasta da presidência do PL de Rio Preto e Motta assume temporariamente - Diário da Região,24/02/2025 11:00,https://news.google.com/rss/articles/CBMi0wFBVV95cUxPT2h0VXZscERvazZFNkdyeEl4bFFWV09lUl9OcjRJMVpsUHIyMXI5ZUEzYzNDZVZpTzZrX1FrZjcyR045SElnc2ZLbms4Z1pKelRtWjAwRW9JWWhFRVc2N0NxYnl3MDVOQlY1Nk5LSUdha18yQ3d4dmtqM1JvQjhwd1VuQU9MdFZlc0dxN0diREhnVXlaSkNPSm9LV29ScFV6NUQ4Vk9ReXRnTmR4a0ZHWVBMeXl6WW9NQzg0bjdPZGs1YTVsRV9leHptZzVhNzF6eUNR?oc=5,Diário da Região,Marcondes se afasta da presidência do PL de Rio Preto e Motta assume temporariamente - Diário da Região
Deputado Luiz Motta é recepcionado em Taguaí - Jornal Sudoeste Paulista,15/02/2025 11:00,https://news.google.com/rss/articles/CBMimgFBVV95cUxNNEtKaUJ0Szk1MXJIcFJZNWZaVkk5YmtjUVJRQTR3ZHpwSTNjelBKZmNaMEhzMmg5aTN2LWJXQWxHRU5TVnE1QWlzZG15UVkwMnhkRU9sdVlYZG9JV3hfY01sYXBUd0k0NVpUektaV3hkcWhKaEE3eHJFbzJCUHVPUFJmY0ozVnNWUmRiZUNkdlJ6dlFKRWhEcU1B?oc=5,Jornal Sudoeste Paulista,Deputado Luiz Motta é recepcionado em Taguaí - Jornal Sudoeste Paulista
Deputado Luiz Carlos Motta visita Ourinhos e anuncia recursos para entidades locais - Jornal Biz,14/02/2025 11:00,https://news.google.com/rss/articles/CBMic0FVX3lxTE9aWEpoVG41T1BZR282ek01SERpM25zQUlFNDVITzVIRzU4QnpZcS1FWEpfWjQ0UEdvSzAxYTVERkNVckJ6WXBpc0xVSkdzSVRac3NCUXBsVk9MaTI0UmdCdlBONllHd3pvZ1AwWkprc2Q5UlE?oc=5,Jornal Biz,Deputado Luiz Carlos Motta visita Ourinhos e anuncia recursos para entidades locais - Jornal Biz
Deputado Luiz Carlos Motta visita Ourinhos nesta sexta-feira - Jornal Biz,13/02/2025 11:00,https://news.google.com/rss/articles/CBMiWkFVX3lxTE1ldi1VVVE3TlkzZmh1NWNWYUVYcndVNUtuY1dmZEd6RXB2Z0V5bU1xQTNRUW1pSi01c0NqNWwyTEpRa3B6Q1ZBNjFPd1ZpS2dSb241VkJHX19Mdw?oc=5,Jornal Biz,Deputado Luiz Carlos Motta visita Ourinhos nesta sexta-feira - Jornal Biz
Motta articula audiência na Caixa e Tarumã poderá ganhar agência bancária | Política - Revista É Rio Preto,13/02/2025 11:00,https://news.google.com/rss/articles/CBMisAFBVV95cUxOZy03eE9lcUFhaE1qZjc1a1hDTktUd0xKRE1uSC1HOVRGMGh2T2RfSjNZaldqQVUxeG0xM05hZWEzRkt4bXpCWFQ2clA4enFBaVpmekxlOGotZGxsMHlrUGxnT3BFX0pfX09oYXlBNmVlQi01dndCOUgzU2xpdmhQbWhtV2NwLU9SN1VlNkNQRFlLVGVZTm1CX0J3Y05pU05ManNCWFVMQ0VWLVBzMGxrdw?oc=5,Revista É Rio Preto,Motta articula audiência na Caixa e Tarumã poderá ganhar agência bancária | Política - Revista É Rio Preto
Prefeitura assina a primeira ordem de serviço de 2025 - Prefeitura de São José do Rio Preto,24/01/2025 11:00,https://news.google.com/rss/articles/CBMimAFBVV95cUxQY1dSYi1BZlBzVG5DWEs0bFFnSG9ONjFQemd3V1dTS0JuU1l3bE1YUlhlUnk2T1Bvc3VGQzR1OFZpYnBiTm9hZTBDZklHXzdfMFVTcWxEMWdpcGVOWURmTjhxODM3dHBWdEdEU1ZhQ2E5MWFHcENfTHdOalhQZm8tMjF0WF9YdUFHRlp4RzBYcjl0cjNxelR5aw?oc=5,Prefeitura de São José do Rio Preto,Prefeitura assina a primeira ordem de serviço de 2025 - Prefeitura de São José do Rio Preto
Projeto cria a carteira profissional do técnico de segurança do trabalho - PL | SP,23/01/2025 11:00,https://news.google.com/rss/articles/CBMiqAFBVV95cUxNbjNaQnh0S05mMmt2TFk0WnREOHVuR2dvMzQ3Y3hfbFRmS1J0RDZKQUIwN3I4VXVLSXh2OVQzWXM4TzB0QmlHSm44ZjBscUc4cHZGbUkwallEWUhIREtoNkxkUEVMVnRJS2dvZFYxU2FCWXJlS2xkNkdJR29wS0ZCOGwwNDdRUUI5QWFYMHREc0N4ZEFyWFlXMlZYRjRQWGV5bUdGRWwyTjg?oc=5,PL | SP,Projeto cria a carteira profissional do técnico de segurança do trabalho - PL | SP
Prefeito recebe deputado Motta para reforçar ações de combate à dengue - Prefeitura de São José do Rio Preto,16/01/2025 11:00,https://news.google.com/rss/articles/CBMirwFBVV95cUxPZ2phX3FrSzVod2lVeUlHOWV5M1lKZjZiRV85VS1manV1N2Qwd05xd1VqenM4ZW8zVUVXRkg2dWhBTkN2R3VQU0s5UVVVMU1UckF6TkpCaXdQRVRQSEZLNEV4d09PZWMwWVRoNjNZRlRyZ0k3b2JhRUs4STl2bU9INENlc3VrVDlFVUpxNmd2cWxDYXNqVk9aSXlVLUxFaGd2RXd0MXFnOUhzZ0NLX2gw?oc=5,Prefeitura de São José do Rio Preto,Prefeito recebe deputado Motta para reforçar ações de combate à dengue - Prefeitura de São José do Rio Preto
Presidente da Câmara recebe deputado federal Motta - riopreto.sp.leg.br,16/01/2025 11:00,https://news.google.com/rss/articles/CBMilAFBVV95cUxNcUlQMWpVS3ozT0NDNk91bG1teUVmNWdxM2l2SFRVYThvSl9hLUljLTdFcnlhNUxWVEZvVFFzNV8zZDdYYVU2bzBNcTVVNUdkUFF5eFV1QVhCdFpaX2lPdVZLaVhVbDJUQXVwczFKTERUVmlJOG1NVE9MNGNxX3lRSkZLQVNKY051eUdDeFRCSEdMamZI?oc=5,riopreto.sp.leg.br,Presidente da Câmara recebe deputado federal Motta - riopreto.sp.leg.br
"Morre o ex-lateral Luiz Carlos, campeão baiano pelo Vitória em 1972 - Futebol Baiano",02/01/2025 11:00,https://news.google.com/rss/articles/CBMiqgFBVV95cUxOMXdXTlBVa05malRobVFZTnJSeXVwX1llRzFFbHFvYmt3R2RXVkp4TFlZLVYtWkg2cThxN1paLTZ3VTZuTXk1bm1zbHZWaWZpNWgyc2JNZVhXTTlLVmh3LWRMMEtrdkdPSGtITzJhMDY3Yi1PX245NUI2NXlmNFNzNzE5OXFoNWc0UzFEYkQ1UjRZajM1M1RvQ2hob0ZNMkVRYnlETzdwTnpndw?oc=5,Futebol Baiano,"Morre o ex-lateral Luiz Carlos, campeão baiano pelo Vitória em 1972 - Futebol Baiano"
"Emenda de R$ 11,5 milhões do deputado Motta cai na conta da Prefeitura de Votuporanga - A Cidade de Votuporanga",21/12/2024 11:00,https://news.google.com/rss/articles/CBMi3AFBVV95cUxQNWw1cWljY3I2Y3ZIbm42NDdiQ2NjV3pwZDRxWGcyYnZaWU9sdEJDLUFXMTZXQTVMLVpLOFFKRWpwSzg4MWFpdmpiNWIwTVl5R2tiVGIxaE5PM1JweGVfVHFBN3lHMGlmdDhUdlpsU1dONEtpMnlpYzNCdmQ1Z2RBXzZUdGVzRUtfVjZNVlZJdWFLM1FPaWFoUWRwVnEwekE4ZU9pcG56YkF1SmZ0a3BndTEtSW9LeWZnTXBOMDRpaTFtZ0w5U1gzZTA4ZDY4YV9ISHlKeG1McnN2UzVK?oc=5,A Cidade de Votuporanga,"Emenda de R$ 11,5 milhões do deputado Motta cai na conta da Prefeitura de Votuporanga - A Cidade de Votuporanga"
Projeto de Motta que cria a Carteira de Identidade para Técnicos de Segurança do Trabalho avança na Câmara - Revista É Rio Preto,06/12/2024 11:00,https://news.google.com/rss/articles/CBMi3AFBVV95cUxQaGdZSXN0SjVONTd2Q1BZc2ZEdlZXNzBCcEZySEdHSEFFaHp0dW5vU0FaVHVEZXQzQkN3dXgxdGlpaUdtYnpCWHZVWXp6X0FQeTdieUhfZ0l4TGpETlNReTg3LUpBQmp1c3JUTnluQldDZnhuanVnT1ZKU1NFTEktNEs1RmVMWTJsWkpOMlBwYkpYS0wwbUxQVWFqR1N1OEFKTWlpdXgtUzhONU1TWERrZFdJU29YenhOVGF5NWlHNV96cGczMW5zV0xLX2lpcG8ybW1SeE56ZUlrNUlz?oc=5,Revista É Rio Preto,Projeto de Motta que cria a Carteira de Identidade para Técnicos de Segurança do Trabalho avança na Câmara - Revista É Rio Preto
Deputado Luiz Carlos Motta receberá Título de Cidadão Emérito em Ribeirão Preto - Revide,20/11/2024 11:00,https://news.google.com/rss/articles/CBMiwgFBVV95cUxPRzJvUW8zSlJNTXRxZUNWY1pic2thczl0SVdyc1NPdTFtN041cm9JaFJtSWh0TlM1b0pmYVRCTXJ6SzR2TnRwTVVyX2ctOHpiR1JPcDZ3UTB3dlNLR2Z1X2dydk45MmtaVEllQ0N3VDdrMkZpLTh3dVAxek1MQ0JHeE9INktqVzZxWHVKRG1xQUs1MTE2VkdYc1JnWXAxQ19HRnVxU1hXcHhBeDZSRVJRSVotdXEyQVZJQ1FQbWNNZE1ZUQ?oc=5,Revide,Deputado Luiz Carlos Motta receberá Título de Cidadão Emérito em Ribeirão Preto - Revide
Motta assina proposta de PEC da redução da escala de trabalho - Diário da Região,13/11/2024 11:00,https://news.google.com/rss/articles/CBMitAFBVV95cUxOczhDV01sTUlFZ3hTeDV5UUlKazVoZmFxUHg5WnlnUE8xdTFiUHk3WmZIRkt2a1dTcVF1em5YNURGUngxZEZqajFQM0ZqUi1CR1YyOWcxZmg2WVZFXzY5QkhQUDFIRl8yY0pVMHAxN1p4S2xTYlhYc0dUYWFucWQyV1RCbDNjTFB1VkhqR1VJUTAxUVd4MVNZckFuNkl4aFg1YV9RRmNHMDF2OERoUWo0RkFJM2k?oc=5,Diário da Região,Motta assina proposta de PEC da redução da escala de trabalho - Diário da Região
Tramita na Câmara dos Deputados o Projeto de Lei (PL 2.843/24) contra Dupla Função de motorista no Brasil - SindMotoristas,30/10/2024 10:00,https://news.google.com/rss/articles/CBMi3gFBVV95cUxPaDJTLVRRT01tZkZOSl9YMTRJMFNyamRoX0QtR2hBV3dMdjFWVHZnNTJWRUNaVzdGdkVDX0xjZm1mdDh2UTdsc0loUmJXeW8xNWNpaVVoV2NKY1RoRk56dzk0WFNqcy0yLUdXNEt1eU1aMWdwckRpb2ZFdHloRDV2S0RiUk13UXE0NVI1ZGJlZENCc3UtY3JDNUFFTE83bUpiRUdrVWFybGtFdHNjY190QldzMFNYTXcybkF4eVFnNzEyamZ2RG00dnFYbmJSdlRRa2JwLXhjOGlMbUFyN1E?oc=5,SindMotoristas,Tramita na Câmara dos Deputados o Projeto de Lei (PL 2.843/24) contra Dupla Função de motorista no Brasil - SindMotoristas
Deputados Ricardo Madalena e Motta se reúnem com vereadores Lu Zanchetta e Regina Jabur e visitam entidades em Cândido Mota - O Diário do Vale,01/08/2024 10:00,https://news.google.com/rss/articles/CBMi5AFBVV95cUxPSkhUbUl0TFpsUG5mM3NvdTJoRloxTUh0cmlWTDFKRFJBSlBFdFUwbEduOWhsM092WFA3SUg1VUFKTVhOM1p1NExVejFEVV93UExjZzI1VkJrUXdPU0N5YWQ0SjcySTRwYjB1WFJvLTBQYmNudFhkVWd0STB0Q0NsMmJTS2RuM0lMWldJRG9OdEtjc1NZbmcyNXZIM3VYMWR4eEtnaGZJRHVCTVRKSmItbzkzWWRMd09uckRReFB4WmlGXzdBckZzc01IZGdLSlJYMFQwTTlfb0dJTFdMeFQtM25GeE4?oc=5,O Diário do Vale,Deputados Ricardo Madalena e Motta se reúnem com vereadores Lu Zanchetta e Regina Jabur e visitam entidades em Cândido Mota - O Diário do Vale
"PL dá 11 votos a favor de projeto da tributária, apesar de orientação contrária; veja como votou cada deputado - CartaCapital",10/07/2024 10:00,https://news.google.com/rss/articles/CBMi6wFBVV95cUxQa2lJX3RjemVkZjlXcmhncDNib2sxVktPelJtUmItU2J6aWVUVWVQWlF0U093N2Y0OWRCdlVvWG5rZ1JTRWd5OHhPVEFMMVROSVpCMFRfNUtRZG1oamlWWlo1WVIxOTR2RkFzTVhpMzhxR2pBd0FfeHhlYml1UjlPeGkxUjJMRU8yMl9PMXZteVJDdTRKYXhOYjN4Q29SM0lMNENva0ZFWTBvZjRfVGVFOWVtbEtlZmpJWm5nUnVBV1I5dHNIb2dxTkthLXNxenBHRjNDOGhfNkNrX0VjYmhUYTJnN0huU0NfZnRF?oc=5,CartaCapital,"PL dá 11 votos a favor de projeto da tributária, apesar de orientação contrária; veja como votou cada deputado - CartaCapital"
Abrapp apresenta posicionamento sobre a Reforma Tributária em duas importantes reuniões em Brasília - Abrapp,02/07/2024 10:00,https://news.google.com/rss/articles/CBMizAFBVV95cUxPMkVZV3JRTHdOWXd6ZFdPckZKcExlekFsVXRoM3FzV1NVYWxRVkdmTEhVcDhhNGs5czZSaC00cXQwZGd3QndpSVZxeFQ1dWF5UkpwdU11MFlGRi1vc1ZkTDdRY0NvNm5aV3hTMUotbHJDTTEyUHQwVkpBNlBwVmY4YXJ1RG5IbGN5Y0toTDhUbjR3QVI1Z0o0d0FNNmZ1QmdUTXBMV0tVektuSm5PTkdKMC1MWlFFakFGd0VsRmt5bWlxWFdWS2dabzRCVVU?oc=5,Abrapp,Abrapp apresenta posicionamento sobre a Reforma Tributária em duas importantes reuniões em Brasília - Abrapp
AMAERJ parabeniza magistrado pelos 33 anos do 11º Concurso - AMAERJ,01/07/2024 10:00,https://news.google.com/rss/articles/CBMilAFBVV95cUxOSy1BZnZuMk1OUVVrblFiVzM1aEZoVlhJVVQ0R2RxZGh0M0lacVNDSFl2aGp6alpwOXdFOERGUndfdDdrc0hEUEpKTnZVcXVKcGQxMmFBUGp6cm85RXg5ZmRpV3lwSFJ6ZTdVei1mSTQ1OUhxaWw5aDNYSm81Vm0tdTlyVy0xYktPSVR2emh6U3lGemJ0?oc=5,AMAERJ,AMAERJ parabeniza magistrado pelos 33 anos do 11º Concurso - AMAERJ
Membros da ANAFE reúnem-se com Deputado Federal Luiz Carlos Motta em São José do Rio Preto/SP - Anafe,24/06/2024 10:00,https://news.google.com/rss/articles/CBMitgFBVV95cUxOeVZucmxOZDI0WTE2cnpTYk9rUWNGY2dSbEpsVUVJR3BkVVhUZ09UOUIyTUpNWElCMUlCQXlEd1ExenVSbkdtdmUxWEJVQVJqYUhtNndISGNYdG9rSHBKTm5TZXJjQjhweHFjTDk4S3lIcWgybGpsQ1J2eWxwRjN2bUlRQmJoc0doeWRxNTlhYlRPanVURXVma1RTMjhoSElmSmpBRHk4dlRkSkRfTWNsTnBjbjlxUQ?oc=5,Anafe,Membros da ANAFE reúnem-se com Deputado Federal Luiz Carlos Motta em São José do Rio Preto/SP - Anafe
Regina Jabur e Lu Zanchetta pedem R$ 300 mil para saúde e salas para autistas aos deputados Madalena e Motta - O Diário do Vale,24/05/2024 10:00,https://news.google.com/rss/articles/CBMizwFBVV95cUxQdTh5UFNLak5rbjVUbS13anZUajNIQ19TdnRadE9lSGFKZFYyM2pNTXJvQlhNM1VpaGNzTldpNENISFJUTFFNekpvU2NmcWJNM0VzdW9aQl84N3hfRFltd2lFaW1TYm5ERnlYMFQ0VEt6X0k2THF6dnFteVJfYW55V0g4aXdwQlpoQTlBMnREZFRZenlEYUh5TWFZd3lMS3Z0NzM2Ym52Nk5wZkVnLWhfSTN6NEQtNTlZQ0VqNlg0VUZmSGlrc0o1N0NDdHlMTFE?oc=5,O Diário do Vale,Regina Jabur e Lu Zanchetta pedem R$ 300 mil para saúde e salas para autistas aos deputados Madalena e Motta - O Diário do Vale
Comissão Mista de Orçamento será instalada nesta quarta-feira - Portal da Câmara dos Deputados,24/04/2024 10:00,https://news.google.com/rss/articles/CBMiqAFBVV95cUxQME5xWXY2WUpBMXNFOU1RTlJBWWdtdkNkYlJJWnZILThtaTFXbDZ6RUZuZ0pCN2VldW45d3FTM2hMdklUaXJ2eHhYUUNWcEE5QkpQWVRQeDVLUkxvRFdSa1VVeWRmTjQyNU41aEdIXzlHb0ZqTGRRc3BQaTVacWh6aFYzbXZ4N19LUGhjY2lEeGxUQS16dy1CMVlPZndWN084aG1KLWxfVGI?oc=5,Portal da Câmara dos Deputados,Comissão Mista de Orçamento será instalada nesta quarta-feira - Portal da Câmara dos Deputados
PL e Valtinho Gardini anunciam pré-candidatura a prefeito de Cosmorama - A Cidade de Votuporanga,12/04/2024 10:00,https://news.google.com/rss/articles/CBMiygFBVV95cUxQQ3lHM0JUVEppMkRrUm5HY3Z4bFhsam0yRWVSMjdGZmpjREtWd01feHM3SUU5SGlXb2JNNG5aTHdlTzdmczZES0l3SXhzWm1PaUU2S1ZDNTZfelJ4X2E4UHVYLXRfaXZITTFSYzFnMDIzbnFaZGh3QVg3T0ZCakNZNldSeFQ2b2Zld1Y0enFnUFA1enl3QVo0bDFUa3hsUWVsY3VwNlJTRjZkOEpvR2EwQ2VkbFl3RVlvRG1SNEZBYUI0TkZqMUtnQTB3?oc=5,A Cidade de Votuporanga,PL e Valtinho Gardini anunciam pré-candidatura a prefeito de Cosmorama - A Cidade de Votuporanga
Prefeito de Cosmorama pede recursos a deputado federal - A Cidade de Votuporanga,15/03/2024 10:00,https://news.google.com/rss/articles/CBMiswFBVV95cUxPRHJ4ajZCbjdfYjN4Y3pyZGZONjZsQTNpNFZuQmg1MHA3TGYzMGxJTnMtRkdTWEZDRjhPb044Y3V1NG9SNGlLOTZRUlNTVHc5TGRrZzBpOG5Vd19pZHJFOU5Oa0Ftb0xlaG41MWszbHlILUxTeWlhc3RodUE2QWJzZldXVkdWWHVQMWs2b1FHamVTNERWMGdUeE4xaUpVcER3dWNLLTY5aFBFMmNvbHRoY1Y2VQ?oc=5,A Cidade de Votuporanga,Prefeito de Cosmorama pede recursos a deputado federal - A Cidade de Votuporanga
Motta destina R$ 20 milhões a Votuporanga para a construção do ‘Parque da Cidade’ - A Cidade de Votuporanga,17/02/2024 11:00,https://news.google.com/rss/articles/CBMi1AFBVV95cUxPQzQ3amYxZ18yWUpseUZEclhBLVItVnZiOVAweWZSeWtKTUFfd195Z3lDV3prNk1jRjBieVVqa1MwU3RJaFgtdG5FT216ZkFrYy1lYUZRTUJaSXBmMzZzaVVxNVdFaFpQU1pXemw5d3RJWUM4ZzhPTGNsTEdLVGJjTVJpUmNDRHpubnBOWWlmNldRQm1xU3diWF9TSzRySzQ4VjhvanJIcEVWeTdYTWUyNmVuMmk5amJ5cVVnRXVEdGRSdW5EUTE1U1l0bDVtVDJZZGhRLQ?oc=5,A Cidade de Votuporanga,Motta destina R$ 20 milhões a Votuporanga para a construção do ‘Parque da Cidade’ - A Cidade de Votuporanga
Motta diz que ‘é prematuro’ avaliar impacto da operação contra Bolsonaro nas eleições em Rio Preto - Diário da Região,09/02/2024 11:00,https://news.google.com/rss/articles/CBMi4wFBVV95cUxNd2g3cWI2NXA1OEFLTkM2UGR4clAyX3NYQUF1WFY1YUladWRqZW5acURzdzhkZzlqcUpLWFZQTFVXZGlIZnlJc2p1X1Z4ZjJqd0tSOTNHVk8yUnFQUE56bmFxYWNGcnhhcmc4VUVQRmc5d2ViU3NqaGJuOWsyZnlncVNIZzVXTERMZ2VXcUwwdjRWb2J6eDE1a01uaHV3d254SmF5OE5CWEdBbnNCOF9GRTA2eVZQaXJOQVNzMVJBeGlnRzN4X3NFbHZxUVNuNlUzRDljNnVpMUxuRlBBN1JrcVd2dw?oc=5,Diário da Região,Motta diz que ‘é prematuro’ avaliar impacto da operação contra Bolsonaro nas eleições em Rio Preto - Diário da Região
Congresso vota Orçamento com R$ 53 bilhões em emendas de parlamentares - VEJA,21/12/2023 11:00,https://news.google.com/rss/articles/CBMirgFBVV95cUxNUk0yOXF2ekFTRndGZjZOUy1xcnlGaHUxa0ZLUng5WUVzT0pVQnZMRmE3QXpUb0FXcnRULURBYzJBbVduOU9jTEdia0Fxd1hFeXlZX1NJUzJyRFV5MlQteENNWnJFR1Y4VDZSMTQzV1d0clVlNkUwTUJNajA1cWxnczhydlN4ZVFrZk1hQWxGVmVfZTFyamZzcHliV3V0bE5YbmJsZVBuWS14Y0VnblE?oc=5,VEJA,Congresso vota Orçamento com R$ 53 bilhões em emendas de parlamentares - VEJA
Relator do Orçamento de 2024 aumenta emendas para R$ 53 bi - Poder360,20/12/2023 11:00,https://news.google.com/rss/articles/CBMimgFBVV95cUxOLV84c05VTWwxbDNXUGhPQVVzRGdQTElpMjFSam9kOXNWRlZRQXdFM3Y0aGtiQU9lV1R5Wm1vck10YmpXOC1DdHdvWTd4WG1xSjEtYjJ4V1FJU3dJcll5NDFQUFVSOERDaV92VVpwRzRnLTZXR2hkbnQ4Ynk3Ny1obk5MVmZXV1NtSnV0cC14Z0MzZnRsTVE0UzFR?oc=5,Poder360,Relator do Orçamento de 2024 aumenta emendas para R$ 53 bi - Poder360
"Orçamento de 2024 prevê despesas de R$ 5,5 trilhões, a maior parte para refinanciar a dívida pública - Portal da Câmara dos Deputados",20/12/2023 11:00,https://news.google.com/rss/articles/CBMi2AFBVV95cUxOUkp3SEJ3UWlTaTFGcGM5N0JZT1JXaVZ3bjk5elItZUVjV0xfUVFZZ3JUV3A4Qm9BZkpxN3MtVElvNFVyRnU4LXRmeGVIcDFPRm5vMTlNMTFaNlk0T3dqQ0FPcWx4RURSaGoyb1B4TS1sY0Q5SjVpS3E4NzNSSXhmcmdlekJTRHd6djcxbVk0bC0zQkxaRllqZ0tRMmlUZHBHY2VuMFk2YWVPWjZGNlRtZm9wOXFCN293X0JnV1VPc3hfZkpKVENaQXhnRGpNY0llVzRSNmJsYUo?oc=5,Portal da Câmara dos Deputados,"Orçamento de 2024 prevê despesas de R$ 5,5 trilhões, a maior parte para refinanciar a dívida pública - Portal da Câmara dos Deputados"
"Orçamento 2024: relatório prevê mais recursos para fundo eleitoral e emendas, e retira quase 30% do novo PAC - jdia.com.br",20/12/2023 11:00,https://news.google.com/rss/articles/CBMiYkFVX3lxTE0yMUpqSXYwQUhoVnBYaDVxZ1FWTXdYRk40cjNidmk5LWo5LThFSGs5ekNUeTVwZGs0cmNvcC14UlczbjI1SXZla0Z3OFJzbjBVMkRxWERTSXRfU3BuUVJIVERB?oc=5,jdia.com.br,"Orçamento 2024: relatório prevê mais recursos para fundo eleitoral e emendas, e retira quase 30% do novo PAC - jdia.com.br"
CMO finaliza proposta de Orçamento de 2024 nesta quinta às 9h30 - Senado Federal,18/12/2023 11:00,https://news.google.com/rss/articles/CBMinAFBVV95cUxNWGgxd1NlUEZrUVRrXzE1MjNnaUViSGFVM3Awb1ZIT0VWYzV0c2kzMGl6TmxaSU1EUS1EZ2Vad2x3eWpibHhFZ1ZnMXktWGs1TlhOVlRoa3RFamVkeWRTTXM5M2ZyWmJUaHlWTldlME1EejlFUG02MnRDYmY4MklhQURreFhXY3k0Y1VscmJ5c0lsZ0JXNmZWZHcxTko?oc=5,Senado Federal,"Resuma o seguinte texto em 3 frases:

CMO finaliza proposta de Orçamento de 2024 nesta quinta às 9h30 - Senado Federalo y en Médias fonche se caso entre des como de ajure de opepíximo de 2015.
CMO, la Cenamonto de Cela de Médias y Cero de López, por para para maiso desde quelos está quelos.
CMO por para lópez está, una por para pauvida, o cami se vida o fenímado."
Motta e Coronel Fábio se encontram com Bolsonaro - Votuporanga Tudo,15/12/2023 11:00,https://news.google.com/rss/articles/CBMirgFBVV95cUxOLUdkQnV1dnF0R2Z2VFZscGpCb01taTdHNVMwak1fS3ljQjZRTWNwMFFkUVZtcmxacm5yREhsVDM2VzlXd3pXZ3ZSWmxETmhNU0x6RWgxNENyS01mOVQ5UXdSamN1bDg1NE1yMXVwNXJYZ1Z2dHhDVFE2OF84YXFydUdkWDdrSW9DdXVucGh2SEpRbmdHMnEwd2w4VVl4QXNzLUZySjBObHRzRzdneEE?oc=5,Votuporanga Tudo,Motta e Coronel Fábio se encontram com Bolsonaro - Votuporanga Tudo
"Em encontro com Bolsonaro, Motta convida coronel para filiar ao PL - OExtra.net",14/12/2023 16:46,https://news.google.com/rss/articles/CBMilAFBVV95cUxOR2dna1FNV0pQdnJVS2VkUjZhQXBsNEtvdnRoaThxT0FFWXRaU3V4cS1QVjNiY3IwWGxRZmx0RnJJYXoyWUE4c2ozM0VCQlhCdzI3c0lQdnpONGhabktzY2puQVBVanUzQnF1QmhqQnl6M19iMFBUTjRqa2lWN3NkeEdIVmNhclFnbnZUcVNOWkk2Vnlu?oc=5,OExtra.net,"Em encontro com Bolsonaro, Motta convida coronel para filiar ao PL - OExtra.net"
Sindjus articula derrubada dos Vetos 10 e 25 com deputados André Figueiredo (PDT/CE) e Luiz Carlos Motta (PL/SP) - Sindjus-DF,13/12/2023 11:00,https://news.google.com/rss/articles/CBMi3AFBVV95cUxNNGdSQkRMcE9obG9zbHl1Zk9BajU3SUF2SldJM2NQVmczTU1IU1lHWEVsNVJkcGtvRTc3WmhjcWt5cjR2QmFPdVVKZThJd3F1cnUzVUFoZEZlbmpvYnMtcXhOZE5MNHpuamxvOXM4aWdLcklSd0R0UktodHF0Q0tiUWtNWDdtOFdFWkdqT2J6U2h2Q2pYRWRqcHNUNXc4QjVYaDhCaGlEdFpmRTJ5SjYzQVpDRzJ0QWw5QjB2VXV2R1VKM0cxVEFGSi1RVnhGWEdXd0Y0SktiUWtESVhz?oc=5,Sindjus-DF,Sindjus articula derrubada dos Vetos 10 e 25 com deputados André Figueiredo (PDT/CE) e Luiz Carlos Motta (PL/SP) - Sindjus-DF
"Em Brasília, Bolsonaro oficializa convite para pré-candidatura de Cel. Fábio Cândido e Fábio Marcondes à prefeitura de Rio Preto - Revista É Rio Preto",13/12/2023 11:00,https://news.google.com/rss/articles/CBMi9wFBVV95cUxPVm1tWlJnNE53dGxCUXR0a01vTS1UM2FjbnlqTTZLVk5DbXR2NURlb2UzM1NadWtlaWZoeVJncTU0V3ZuUEhlNGt2MHBiZFkwRWtTcVU4WEVJR093em0wd3hGeWpNdTQwQ2wzanBOell3ZDNHcFBDemM3LWVTVlByNG5RUmpkTDVaTzVGVzlZYjZ0VWhmWjhkQTU2Y1FkMzR1ZEtBbEJBV0FKWk9ZTEl1emFGVVNjcW9KalJFazY1am1mRjQtWlF2UXU3LU1wX1ZsU2owa19DR3NpbFpkRFY1WGxLZExXbHpKcE5LWVpYX0VPWlNGSXNR?oc=5,Revista É Rio Preto,"Em Brasília, Bolsonaro oficializa convite para pré-candidatura de Cel. Fábio Cândido e Fábio Marcondes à prefeitura de Rio Preto - Revista É Rio Preto"
"Relator da área de Educação e Cultura do Orçamento pede mais R$ 2,5 bi para as universidades federais - Portal da Câmara dos Deputados",12/12/2023 11:00,https://news.google.com/rss/articles/CBMi2wFBVV95cUxQVU9Td3hJLUdYRjdBWmFzSW1abzFRWHpaajQ1b2JSSHNoQlhCblBEeHlvWUsxcllUMDVGVFZhQjFSYjFHem43SG9iZ0o4LWhvMGV5Um5FNzRjeEVGUHdQaGc0VWNxTFBuZm1YQ2R2TVNYUFJvVGMwMWhLV1JEZjM3S3dVRzhlR1BlV2ZmakxFcnljUU85N1pNRkdlSUdvY2ZudGYzTjFhbmhESUVrZmswM0VYOTEyYmsxSzBrMkEySDJyUWt5TkJtNllyQTNmVUlMWW1iekpjbkNzQms?oc=5,Portal da Câmara dos Deputados,"Relator da área de Educação e Cultura do Orçamento pede mais R$ 2,5 bi para as universidades federais - Portal da Câmara dos Deputados"
"Comissão aprova relatório preliminar do Orçamento de 2024 apresentado pelo relator-geral, deputado Luiz Carlos Motta - Tupãense Notícias",08/12/2023 11:00,https://news.google.com/rss/articles/CBMi6wFBVV95cUxQbnUtVjBkTkFVUlp2TG1vWkhVR3l3dXFPMmhyUW50UXo1UXZoTmwyV2E0bnl5cnZDejJ4RW5sdnVuZmZoRTVpY2RqUGlMVlRPcEtmc3VqdGd0N3JCRmtvZ0lPYnZKSnZoN1BzZU44ZkpfdFVHZGNNQ0ZLREFOamd1MS1VcUgxVW1ZWXRIbk4tOXZhcVhvUVdVcEg3QjZ3UzZNMWpFcjZUSDVGRG05MkV3S1ZPNm4yWV82MS0tUWFWMmZpSzJsNW1wdnFySXVpTEtJUHRWVnpQdXRsUFhlQkZWSmRZUG8tMXFSSHpv?oc=5,Tupãense Notícias,"Comissão aprova relatório preliminar do Orçamento de 2024 apresentado pelo relator-geral, deputado Luiz Carlos Motta - Tupãense Notícias"
Comissão aprova relatório preliminar do Orçamento de 2024 - Poder360,07/12/2023 11:00,https://news.google.com/rss/articles/CBMinAFBVV95cUxOTW1qeE0zWHZfZml1b3dfN3EyVXRvM3lSbTlJdjRabWVtUXl4RUhVU2IxUTM2cFRYckxGeElidUdXbkdweXZfZDZhRDV4R3BsZWxHQVM4aDJ3dE5JdlBUYkkwSk9rdzdMZmJsTzlodW9ncy12OFgxdHBaYXdMZGUxTUVOTktQRE1OaklfWTlJZEp5NWVFTkdMMGdMUU0?oc=5,Poder360,Comissão aprova relatório preliminar do Orçamento de 2024 - Poder360
CMO aprova relatório preliminar do Orçamento de 2024 - Senado Federal,07/12/2023 11:00,https://news.google.com/rss/articles/CBMirgFBVV95cUxPYzZ0LWhYOFN5TmlhcWpBcUYxYVB2VUxlcVNZS3BTSVMxN2JzRFRoblBFMEptREpMVmcySmRxZ0pYYUxBTjJNdnlRV2FxQk80cElTaXJ6VXpUQXZsX2wzeU5CM25GSGhra3FkVjAyMVl4N2JaNTdBUVQ1c3NVQzR3cUd6NGo2NlhTTzIwUFpfWWZtcG5LMHFnSTl1ODhwLXJqaXVFS0lEb25VNS1TY0E?oc=5,Senado Federal,CMO aprova relatório preliminar do Orçamento de 2024 - Senado Federal
Comissão Mista de Orçamento aprova relatório preliminar da Lei Orçamentária de 2024 - Portal da Câmara dos Deputados,07/12/2023 11:00,https://news.google.com/rss/articles/CBMixgFBVV95cUxPWHRjMzJIQnZpWTBQNjg0TXQxWVBUWTF4Ym1VTE13cjl6VG81dUxWRXNtMkUwOEx3R2twUGF6VmJtaXZ3a2RkaE9mdFZOczQ3Q2JQdkhSTFJwOFRsTzBXRWpPNkItNXM1LTh6YU44N0xmSEZ1M2RWci1iNHo3QTFEVFdJVXloVUxNeXRnQmt2N1JELTNlbVRESTdqeXp5R1l1NW45aGMydFJuYnE0S3VIT1dPWVZLYWNrYVNmZWJadjRSeHhHQ1E?oc=5,Portal da Câmara dos Deputados,Comissão Mista de Orçamento aprova relatório preliminar da Lei Orçamentária de 2024 - Portal da Câmara dos Deputados
"Entrevista coletiva do relator da LDO, Danilo Forte, - Agência Brasil",07/12/2023 11:00,https://news.google.com/rss/articles/CBMiqwFBVV95cUxPMEh0bk5kTklyeTlDZnJOUzdMSjZ5M3BBTHF1aGUyUm1Ra2ZONS1tNW9XUWtDaUVlYVowODZCYjNuMzhwclJtdk4wTm4ycWgySWJaOERBMVBMc2t6dXYzdjltNzI4TFltMnBhWm0xYllhS0ZDNXhiTXU5VjZ5SE9jLUhyaVROTnlOR2lvaDZmVm9ZMWpwVkQ4NFprT3Y1c0FPRlhrSXpTc0MwTGc?oc=5,Agência Brasil,"Entrevista coletiva do relator da LDO, Danilo Forte, - Agência Brasil"
Base Operacional da Polícia Rodoviária em São Carlos não será fechada - São Carlos Agora,29/11/2023 11:00,https://news.google.com/rss/articles/CBMiugFBVV95cUxQS0d3cm0xRFFTaEZvVEtlYlFMSEVJNHEzUElQbVlaX1k4SWpBbzl2RkM4aFYzV0ZVRUtwSks5amxyUkpyT09qRFZIajN6dFoyci1Kb1U1NmhGeHJvLW1uYjJTb3BuRWp4bzhoT01WZDNxdi1LdzRUR1JFdTI5YU51aEZoSjNPTWdDRHhRWTBIYUZyTWhza2JmWXN2MXo0YzNvYjFhWHZWLXlaOTN5bXVSWjZnQlFKZFZWTWfSAcABQVVfeXFMTmFwREllNDVGVEVUTHI4d3U0TDNOUUpxU0Jwd1lraFJVeWxmYjZqbVRKSHk4Tkh1aUhwMXFKZVVENHpZMk9xY3p6R3lzaXRQQUYwbC1YbmR3WVhJMFdQdVo1WHNPMWhkUUk1QzhQZ1RzaTlXWmtSa1pnd0dMNE1CcG9sdXJ1VzlBUmxlbXplOE42NjhITF85LUdqdEVKY1ZWMTRmWHljNXpXWm9XdUw1WUhlVW1fMkRiMHItcktWUFJ5?oc=5,São Carlos Agora,Base Operacional da Polícia Rodoviária em São Carlos não será fechada - São Carlos Agora
Base da Polícia Rodoviária de São Carlos deve ser fechada em breve; deputado pede a permanência - São Carlos Agora,27/11/2023 11:00,https://news.google.com/rss/articles/CBMivgFBVV95cUxONk9DVDRqSWdNWnR3dnVuTlNjalcwQkxCbGxKOWtucTlPdzgyZWlJTm8wS0JOYkxFRnM2TDJmb0JGS3hzV3hVcmJISjh2YjlrR3hpSTJrMFhWYU9xX2VKSWFYeFVMcDRUeVB5SlgtNnBLbDlqVFhRSjNzSFQxa2NXWnV4RHhyekVGeHZGUzBkdmVCdHVkZ2Npbi13V0xLUlFyVDBIMVVyQmNMNWJKdlN2aW5CdDZkdjFMNWFaNlhn0gHCAUFVX3lxTE96SmRCMlBYLUhJM1g3US1HUE9JcVZkNV8wRXptWmtiaXlGSVROUHM4bTEtRHo0bHBsbDY1dlkyMmNXb1ZiNC1Cbndfb0hJUmgzamtfc0RCb1BwRkhXY1FiS0xPa3gwSk5hcWFPWUVoN0lsaWZXa0tGTFB4WmtYb0p6M0g4NXVJTUFRQVZ2c1RNd0F4czNyLTNhUTZuQk1NSmxQVXlBR01MV212dWRXUHVFQWFhSzRXUDhQbjRkb3RvN3Z3?oc=5,São Carlos Agora,Base da Polícia Rodoviária de São Carlos deve ser fechada em breve; deputado pede a permanência - São Carlos Agora
Motta passa dos 102 mil votos e é reeleito - OExtra.net,04/11/2023 08:05,https://news.google.com/rss/articles/CBMidkFVX3lxTFBtX2pvdjRLeVZuWDFsSDlZa01hekR0bHYybHdXVktfRDNXZExUY0p6ZXlZeFBFNy1HT1Jlb0tpd3pUeU5zTzNlTy1jQWRwMFhNYVYyeXgwclhFbkVNQ1cySVV4MFZITUM5UEZ0ZmROV2YyZDlXcXc?oc=5,OExtra.net,Motta passa dos 102 mil votos e é reeleito - OExtra.net
"Bolsonaristas acusam deputado da região, Motta, de traição após votar a favor da Reforma Tributária - OExtra.net",03/11/2023 20:31,https://news.google.com/rss/articles/CBMivwFBVV95cUxQZGlYZHZEVGhvU3R1b2lQQW5tUWhGLWNJdUtyX1pmbzh0NzRMRF9SNlpzc19EYzd0ckJUeGFqbzh1dGY4amgyS2lmN0l3X0huTVdjMnpOSi1fMUVFY2dEOGVSN0xyaWcyXzZ0ZzVyUGdReElmUm9FRFVxQ092Rl9nVV9WaHlpNHpqS2hwTmVzTG5pcW9UQTNJeHlaNk5yVnBvemVRbHpBd1dvVmdoUWdiZ1dVUlZGWVRJOGM0TXdvYw?oc=5,OExtra.net,"Bolsonaristas acusam deputado da região, Motta, de traição após votar a favor da Reforma Tributária - OExtra.net"
Ativista PcD lança petição contra PL que propõe descontos em hotéis sem acessibilidade – Change.org - CartaCapital,16/10/2023 10:00,https://news.google.com/rss/articles/CBMi0gFBVV95cUxNWkxjWG9mTENTZTVJVnlnczhEbmRuRVdRc0t1M25lZTY1UGxKa0FUal9ZSnJvbUlmUWFJYVFSeFFlcVQ0RTU0Rm1HNlc3VVNFN3NtZ0E1Y0M3UTFSelBjYVRwdEx5SC1GR2tlYXNCQ001eEVnVHkxRDd5ZGlEc0E0RUxtMlJIanVLT1otQ1NLS2F3V1p3VkN2ZGRVZ184N18zaThhMXRUV2Z3TzRpcHhidUpMY0ZucnB0R0kyV29fV2dxZDBXRlFJc2dLQ1VoLUFPLWc?oc=5,CartaCapital,Ativista PcD lança petição contra PL que propõe descontos em hotéis sem acessibilidade – Change.org - CartaCapital
Projeto visa tornar produtos em prateleiras de supermercados mais acessíveis a pessoas com deficiência - Portal da Câmara dos Deputados,11/10/2023 10:00,https://news.google.com/rss/articles/CBMi3wFBVV95cUxQS0hEc0dkRmlpVjllWkYxQUN6RlBrc21jU0loNF90LWZ6amg5Y3NRRl9mU0hhUl9qQmdZSGpncnNESHR2Y05pTWlHOUNGanRfbXVFUWtPb3hlamI4YkxWOHZYNmhiSnFsOVdQX2VWU3I3a2NfMnNuZmx4Y3ROYXZURUVQVTdKeXQwUGgwUHY3SHVqaW5WNEI1RVpSRFNZaGVxMFNPTFhQcWd1VTUtZjJPakdxMFA5aC1rdXRlalFJdXlmSTNDYXlxOFlYUUFvNkpvZExBNzllX0dOTGpGbXF3?oc=5,Portal da Câmara dos Deputados,Projeto visa tornar produtos em prateleiras de supermercados mais acessíveis a pessoas com deficiência - Portal da Câmara dos Deputados
Comissão define relatores setoriais do Orçamento de 2024 - Poder360,05/10/2023 10:00,https://news.google.com/rss/articles/CBMimwFBVV95cUxQbVZUaWdKUmQwN28tb2ZwSEFCMXQ4eTQ4RzFYZnNQa2Ffc2xZM2JJTWFBd0lCczNXUFV6R19lSnpBRk52a2xTV1VZS2RyUi1aVFRWR1gzN0xQRmpOTVdwcHdWT3hGdXBtZ2l6WkRxejR5S2V5a1plc0tMNTUtaGxxX1F3d3UtZGZrQW5GZmNEMURMaDVyWTZXb0VPWQ?oc=5,Poder360,Comissão define relatores setoriais do Orçamento de 2024 - Poder360
Deputado apresenta proposta da isenção de Imposto de Renda sobre PLR - Brasilturis,28/09/2023 10:00,https://news.google.com/rss/articles/CBMiqwFBVV95cUxPZ2NfVHdyYzZqaS1KTlY1Q3FnVUtZWGZ5SzY4ZndOT0pEa3lYdUVEd2N2RHU3MDgyT2V0T2VyMFMyZVhNa3RVb0cyczJTa1pha05LdTk0YmNhMWNxNXNkdGlQTUszc0hqUU1oRzNpT0R2R3F6WGtWVndvR1RLc2hWSnR0UUhCRHpwQVN1aFlKb3JPWTYyU2lRczJPVTh1X1NINjk0Y2ktV0twX1U?oc=5,Brasilturis,Deputado apresenta proposta da isenção de Imposto de Renda sobre PLR - Brasilturis
Deputado Motta busca apoio de Geraldo Alckmin para Tupã receber curso de medicina - Tupãense Notícias,14/09/2023 10:00,https://news.google.com/rss/articles/CBMivgFBVV95cUxPbTFBTV9Pa2VFTmYzVXZIclN0MFpITWRtM19EUzFnb1l1dU85NHNYOWJkYUEyTVJ5OHNvYnExQXdGQkh1cFhPaGV2dHlNekQ3dzhGclBib2pMdHF5Skl0blI3UjJZN1JPX0I5MUM0Q0ZFMWRTMkNwTWt1VEZSQzA1V01IaDI4TUhJZmtFRWstWkNNOXFYZENPVEFkaWxlcHNBU1BZelNDOW16TUJFZHA4NllpRHBWRFBfczgwMlJR?oc=5,Tupãense Notícias,Deputado Motta busca apoio de Geraldo Alckmin para Tupã receber curso de medicina - Tupãense Notícias
"Embora da oposição, relator do Orçamento de 2024 se diz moderado e estar aberto a conversas - CNN Brasil",29/08/2023 10:00,https://news.google.com/rss/articles/CBMi2wFBVV95cUxOWUNQczd0Mi1uTHVPY2xBV0RRUm56UUx4TlhJMjRadmxVQ0RNQ1AyNVVEQm55NkRDbWpZdGdISWl3Tkc5ZTRYeXZwUi1jTnlrNzI4dHI0NXdYdlZWOExUV3o2ak9XT20yMlVHQVdaeUVhcEVaZGkzdzB1YlBRT1N6Q2VDNWtCVENpb1Rxa29NQ1dpOTRtVkFDak50QmgxTjEtRzVWU3FGMmtQdmlwSE9WQXVHZW5OTnhzWXNhZ2UwbkU0Qko5MEpNcUJ0czRPck5OMlVuVmxmMjEwMGs?oc=5,CNN Brasil,"Embora da oposição, relator do Orçamento de 2024 se diz moderado e estar aberto a conversas - CNN Brasil"
Motta foge de polêmicas e diz que Reforma Tributária não tem partido político - A Cidade de Votuporanga,11/07/2023 10:00,https://news.google.com/rss/articles/CBMi0wFBVV95cUxNTTFlOFM2VnF2eUFrT21aa3dKMTM4RFVfbkk3ZC1RTjRZMGlhVzBuOXdnVWdTa0JQY2RpZTVyY2hsWlZQUHRtb0FvbWVmZXNXTnJLUVVyNzUyVi1HYmdzNk5rZXZWZTVZc1NmTVNjUVY5aUc5OF85Mlh2cWxySktWVzlzbXBXamVKWjVHUmxYVUlNQ3dRRkFMQWR2UmxJX0tQaXNOUTVpQUhFR1JJUzdjR2ZPVFo2QU9EWk51RTJvLTV1SW5mSUNyZ1FoamExdWpXM1Rr?oc=5,A Cidade de Votuporanga,Motta foge de polêmicas e diz que Reforma Tributária não tem partido político - A Cidade de Votuporanga
AMAERJ parabeniza magistrado pelos 32 anos da posse no TJ-RJ - AMAERJ,30/06/2023 10:00,https://news.google.com/rss/articles/CBMilwFBVV95cUxOZktiaU5DM3psMk45SkJ2UW93OGFpRkRQT3pJSzJ5TnVfS0EzWEg2SFZKak5HQlNoMm9kQjVvd19oeG9yall2a0tQLWlzdmkzYlZtT2dHSnBSOTJWVnl5NHRnVWhETTM2NmRXMndqNGVMbjBLd1dSbV80RjJWb3NuRmhta2Npd3RKTGRNbkFpekVTWDV2Qmxr?oc=5,AMAERJ,AMAERJ parabeniza magistrado pelos 32 anos da posse no TJ-RJ - AMAERJ
Partido Liberal inaugura diretório regional em Rio Preto - odiarioonline.com.br,31/05/2023 10:00,https://news.google.com/rss/articles/CBMilAFBVV95cUxPaGJsblhjekxUTnQzTmZ1RXVCcWl3SWI1SjVqbWFtRG1IYngwazh5ck9mTXp5Z2E4cWg5cF80bEU1Y0JBa1lIOGpGTVBGamlzd0JXQ0VfejRJSTJucWNTVEk2WTNDUGVqNzNlWkFNSzJteERxVEozbXBDbnNJcW9zdjhRYjI5cDRuUktNRFViM1JEWS1O?oc=5,odiarioonline.com.br,Partido Liberal inaugura diretório regional em Rio Preto - odiarioonline.com.br
Danilo Forte é escolhido relator do projeto da LDO de 2024 - Valor Econômico,24/04/2023 10:00,https://news.google.com/rss/articles/CBMitAFBVV95cUxOLVZEUkp5VXZHb3NwSFFXWGluVHV3MHlacTlJOHNqLUUtdFl5RGJUaFYxbTlzMVlsVW9uVXlpZ0lnbDJINWM4YndEeTJfVkF3eXpTVVZOSXpfYms3eU9seEhFbzRVR09UYlU0Y0FZVm4xc3V5N01KMkUyU3I3SzdJS05HOVJad05zZlN1NFR6TDF4R2wzR2hLekV2SjhwbkFhaHNoNE5lZVJJZFIyaHdWMDZWNDjSAcMBQVVfeXFMTTQ4b0s2bTlDSmlMMHV3VVdSeGdNM1FDekNVZ0JMSm9rRXMxQUt5STduTGdRZlV1TGprNDZrUGlPVVZuRmppSWhQaVNncDlWR3B6YUxkaExGVmE1UlVkLUo2LUNRQnQyTWNULTRsem44S2pFRDZoZnhDaDFybXhaMWJqUk53M05FeFBqZkNpR2lqaU9BcUJfWjdkckZCMTMtYWQtZURZZnBnOVRlMkpocHRHY3M5Y19GMm5OVU1HWWZQcnhB?oc=5,Valor Econômico,Danilo Forte é escolhido relator do projeto da LDO de 2024 - Valor Econômico
Bolsonarista moderado será o relator do Orçamento de 2024 - Valor Econômico,12/04/2023 10:00,https://news.google.com/rss/articles/CBMitgFBVV95cUxPNXo3UkhMYmRHUjVOQ1NBdFdMRWJENWtBaDVqM0FtWkFQVS1zbnR0LTFRSUdyUGNubkh1REZWdmpjU0VfR3cxRmtBQnJOLVRiUVdGbFVhd0hEZUtBZkZOLVBJZVdWQnRILXp4MWg1bmQ0SWE5QUdaalJHaEtHSVpyOGJzb1NhZHllcGFQOU91czVXNGNaX09KYlNIUEhDcE4wUWxSa2FsT3ZBX25uUVZDTFZKaVM5Z9IBxAFBVV95cUxPMTVwUWd0ZEZ0Y3hqVmpiV3JGMkQxY1BLZXAyRWFta3JEWUNWZjlseVY4N2JCVktiMDdzYXpoWEZpZ0J1SzdxYW9zcjB6ZTJMZEV6SFpvRmlJVnFfb2VHOWt2dFBnc20xVUpXeUZnRzNibWpKajBVRGxQSkFRT1B5azRFcnh0Y2N0RUFOSGRmSXJ0cjUzQjVENWZ5WnVYNDFEQnlWX2VoazhrbXdEMGUyZTJySFloVVRoT0t3YXBwUkx1U0Zz?oc=5,Valor Econômico,Bolsonarista moderado será o relator do Orçamento de 2024 - Valor Econômico
PL ganha queda de braço e leva relatoria do Orçamento de 2024 - Metrópoles,12/04/2023 10:00,https://news.google.com/rss/articles/CBMimwFBVV95cUxQMFBCa0VEUnNDQXg3Q09FR0syTjhwRWFPRGJQcktrdzFNQXpaaDMyNzNhUEQ2SFY2YnZSMUtacGRVM3dSOUJ4QVdUb1JVT1Y0RkFWdXZXRklNcU55QVlwdVBWQkVYekM2Ti1oRGs1Y2lLSTgtVnNpbDVtaVZ1UnQ4dW50V2ppVFhtZ21YUHR5NkdJZHBoZkRSYlpxYw?oc=5,Metrópoles,PL ganha queda de braço e leva relatoria do Orçamento de 2024 - Metrópoles
"Deputado do PL deverá ser relator do Orçamento de 2024, diz líder do governo no Congresso - G1",11/04/2023 10:00,https://news.google.com/rss/articles/CBMixwFBVV95cUxQamNvMndMck9FbVIzM0hkaTAxWUh6TzJGZW5LZ1l6WHFTSVBEaXkyZW9EOTZwZ2RMUDVHNFYxUUhjVUJFLTFpX3YxWWp2UWtKdTBrQ0tSSExEUTRRR0Y0NEJHY1lvT251ZXl4NGJmR0Q2QmdDeEdhOVBGTDhuVDdaWHd6TjJOaTJQb2JNeDZCYW1ZdmZhUG1kOHFlYU1qZHg2R0RteDA3RjhyaUZBb2ZaXzlnVGhSLTdPR2ptci1aNy1KMlpEQ2Rr0gHWAUFVX3lxTE42RXBfdUhvbTFZcmF5alhzaVRYRHBnd240cFQ5RG8xREExXzRncl9nbWFtQnFkM2JCb3o5WjlSQUowT0tFZTFobEJ1TDZpS2tBdklWcWRZYk01NWRTem5PUkU3c3dDbDNYRnRHa3BQUDdLZlRNWmNmODUxb25OdU90RXE5aVA0V2ZkQmhNSjlBMWN6NFhhbUx0a2NRQ0FWRE95Sjdub0R3WDZMekptMWVEcWpzZl9URkdXTlk4YzN5ZkluektwZGl0Rjhfeml1SEh5S3pCNlE?oc=5,G1,"Deputado do PL deverá ser relator do Orçamento de 2024, diz líder do governo no Congresso - G1"
Projeto prevê negociação sindical antes de demissões em massa - Portal da Câmara dos Deputados,16/02/2023 11:00,https://news.google.com/rss/articles/CBMipwFBVV95cUxOMDQwVDdqQWVoXzNTR0g2OEpLZ2FEU2hSUEM4a3Fzc0N6R1FYYTRDVkVXNXBlal9fZ2RUeXdwbGtxMVZocGUzQXJTaDRQd3FnRVFhamVFcWhpSU1RRGFLUHB2ZHNhRjg0ZjhzYkg0QVY4dnFTVnFKcC1YWFpUeE9BTDh0Ql92NU53cF9PcXR1UnhwUVdQNUlrMVdRTVBmZVJFMzVZc1owRQ?oc=5,Portal da Câmara dos Deputados,Projeto prevê negociação sindical antes de demissões em massa - Portal da Câmara dos Deputados
Secretaria de Esportes abre licitação para revitalização do CSU e do Mário Covas em Votuporanga - A Cidade de Votuporanga,03/02/2023 11:00,https://news.google.com/rss/articles/CBMi6wFBVV95cUxOeERSUUVSVDY1aVRZcEM4U21MX2paQ1JiNHFnUlZvaTZUNFRDSWZGNnNZY3JwQlBpcUdLV3lETDJUd01SYWdtcU5rS25QanFoZ3pZQmc5M1dyRjNPOG5ySkFSSWZhSEZ5NnZkaTBRT1NjT1FMOEVrQ1pINXl2VERveEsxa0Y5SHhKdXM2MDJ1Z2JTMTJidDFYbE9rTHVoa2dvWnNUd21mcXIzTERoNVF2TFBRNk8tS1JsWFBOdEppMy1XcHFZQlRzLUJQcDBSeWdMMEt0UVVLTTA4RWEzSG0zT0d1WHFSc05vSjhv?oc=5,A Cidade de Votuporanga,Secretaria de Esportes abre licitação para revitalização do CSU e do Mário Covas em Votuporanga - A Cidade de Votuporanga
Motta propõe criação de grupo para acompanhar situação dos funcionários da Americanas - Diário da Região,03/02/2023 11:00,https://news.google.com/rss/articles/CBMi1AFBVV95cUxNelJYQV96Z3ZxNnpTYWdmbzVZZlhValoza3lhM0djQzlWUk1MWnc5UTh0Z3NCRlF6eEh4RUZHN2xOVndYdmNQcXRndUx4Z1NHZmlqaFFUWFRTclpMaWExQ3hjOTRwbnRscC1YUzdISTdZdlBsNDFqSl9temdER0RfbUg3bHFaRVZWZERSZGIwSmV5Q19mUWljNlljRGF4d0xZWTZOeGUwNVRJQXdsS2FWMF9ObnJ1Vms4LVNSY0lGVEZHbU1fWVV0TzR5TkJPaGVaaDRrbw?oc=5,Diário da Região,Motta propõe criação de grupo para acompanhar situação dos funcionários da Americanas - Diário da Região
Artigo: A crise nas Americanas e o direito dos trabalhadores – por Luiz Carlos Motta - Hora Campinas,02/02/2023 11:00,https://news.google.com/rss/articles/CBMirwFBVV95cUxQTFY1aHFSMGN5THcteFFxV2thUVYwQy1TbGxKZ01qbGhmOUJBZXpUTThndC0zR2FaaTZDeEFfT2R6MnJVT1VXZmxIVkZqb3NOaVJGSTBHalE2Ylk2amZqQTFEQkZFQlBUYlRFNzRvd29yWDhBbFlKVG9fTEZ2alp4N054aHIzWWJFcldXYU5RVWljeGxFV0tNd2RIcC1uNVN1S29YcWZUaUdGd1FkUkhV?oc=5,Hora Campinas,Artigo: A crise nas Americanas e o direito dos trabalhadores – por Luiz Carlos Motta - Hora Campinas
Maciel Beretella se filia ao Partido Liberal - A Comarca | Home,28/01/2023 11:00,https://news.google.com/rss/articles/CBMiaEFVX3lxTE83M3R3Z1AtMGNOQ1FZMUllY01TZ3Q2NWFsNTZnY3NTd2R1c1pteXJNRFhPV251V0VVc1JPeXdsTXpiWnUtaXhkeXdTcGtLQkx1MVhtSlJ0c1BBcE13UXRLOGZ1RmVmUG9y?oc=5,A Comarca | Home,Maciel Beretella se filia ao Partido Liberal - A Comarca | Home
ADCE-MG homenageia Luiz Carlos Motta Costa - Diário do Comércio,14/12/2022 11:00,https://news.google.com/rss/articles/CBMijwFBVV95cUxOMW9jV2xPRXlrVUo5enpTN2w4dnVKT2RYZm53U2d4dll3NndxQ2dKMy10WlNoZ2JVUzI1U1dyb3ZiUzFkTmdnUDhpSFNKRzlKOXN1WlhQSUNIbmQyQnp2dVB0TVJ0WWN0Q09vLVlhbzZGbnduQjRyVUhvNnFWcGxUMEwyX0VBWnIycEhPVkpoMA?oc=5,Diário do Comércio,ADCE-MG homenageia Luiz Carlos Motta Costa - Diário do Comércio
Luiz Carlos Costa ganha 11ª edição do Prêmio de Responsabilidade Social Empresarial da ADCE-MG - Diário do Comércio,09/12/2022 11:00,https://news.google.com/rss/articles/CBMirgFBVV95cUxNTlRLNW9xdkw4VjB4S1ZId1hLUlZ4a29TRV9TX2hNc2xXLTF6aE4ta3FsX1NrQWJoYVJMUHhwMzMzV203Q2huLTRLTnl3b2pjaHhYdE9MMVNNcjNMZmNGZHpmNGVrekE5UW5UWDhxTzgwTW81U2wtOEJxcmZ6VVh1azQxX3g2d2Z0MDdqY015V0dJcE5kaDI2SVRjdlFRWE9uUDZjZFZSM3JqTGJGa3c?oc=5,Diário do Comércio,Luiz Carlos Costa ganha 11ª edição do Prêmio de Responsabilidade Social Empresarial da ADCE-MG - Diário do Comércio
ELEIÇÕES 2022-Deputado Federal Motta fala da sua candidatura em dobradinha com Carlão Pignatari - Regional 24 Horas,23/09/2022 10:00,https://news.google.com/rss/articles/CBMi3wFBVV95cUxQR09pb1pkUnhZMUVKRXltdEFZN3RoUGIzX3VwaWhGY3BlWVQ5ZUxjZGZSSnBfaGdTT29HMzNDM1RMNjVLZC1oZmg0Q1EyXzhtcDlpTFA3YUVjUW5nRjl0QVR5elB4ZDR2anYzRl85Sjdmb21YZ296X01rc3VINjFJc3A3ajJUUEFGU2RjcXBfb3ZNNEIwdDhvdFplbEdBMldhRjdKZjlaMXk5U1BrRWxDVnBCcjJMb2MwVFdJbUU5UXdxSEdlZVl3NDc5dWVQMl8zeGJSNnJqeURkdVMwVlJR?oc=5,Regional 24 Horas,ELEIÇÕES 2022-Deputado Federal Motta fala da sua candidatura em dobradinha com Carlão Pignatari - Regional 24 Horas
Lançamento oficial da Campanha do Deputado Federal Luiz Carlos Motta acontece hoje em Tupã - Tupãense Notícias,30/08/2022 10:00,https://news.google.com/rss/articles/CBMiygFBVV95cUxNWG96WUdlR3NhQmY3UGJsaktUbDFoUlB3ZnlGbjlRcE9PZ2FhM0ZrQlVTQlliLUp5Q2NNdG9rcE9oUmdXOEJtdzN5TjhWQVk2SUY1QUZ6dmVwZ1NkSV9iTmJYZlZjN2lYMFZYNXRxUjNpV2ZIdUc2bjNqMEZSXzBfaGlJSmdQMTUtWFdSbDhaaXNQRXFDN1VvZGp2cWpEd1lzZHNqUDQ1YnJ4di1mTGV4Q1gzX2I1TmRqSFdXM3BBU2cyMjRXV3NmM0R3?oc=5,Tupãense Notícias,Lançamento oficial da Campanha do Deputado Federal Luiz Carlos Motta acontece hoje em Tupã - Tupãense Notícias
Luiz Carlos Motta conta como driblou as dificuldades para se tornar um dos parlamentares mais atuantes por São Paulo - Revista É Rio Preto,18/08/2022 10:00,https://news.google.com/rss/articles/CBMi6gFBVV95cUxObVM4TWZsU1BlaHFKOUJkbjJ4aTAtZXM1b2xwVi1YWEtiS0JaaEhzVUJuV2Z5S2JERjlDYTJ4bkgtbnVDbEdsUWYxdWd5dVljWXFzeFhVOE1Ka2ZkZWlJMmpUU2kxRzVRdEY5UXZxQmphTm81eXl0bG56RXpHQUpqRnhId1p3Q1U3RzlKb0lEdndDcWRIQjNTTTlrRE9kaGdmc0VrTmgwNi0zVm1oQVBUbEk5RHNnQ0lsRUFrN181UHBQUmw4M1B1QVZHclB6dnhzQUlVZ0JCdWZtUHN6cExmV3ItbVJDdVB1VkE?oc=5,Revista É Rio Preto,Luiz Carlos Motta conta como driblou as dificuldades para se tornar um dos parlamentares mais atuantes por São Paulo - Revista É Rio Preto
Pesquisa indica os 100 parlamentares mais influentes do Congresso Nacional - Jornal Biz,21/07/2022 10:00,https://news.google.com/rss/articles/CBMingFBVV95cUxONzBnVjhzdVU4aWxUc3lfN19DY3FndWcwUE43U3dvdnBCbzZKckgxb0s2eGtseFNrNkZYejEwa1hIN3RtYW1QendvSGVGY0VNaUVNTUxzWVNYemNEN0J6eDNDekZXTnlxbWYxX2hDVlJsaFBpNzBDNWNpMUFzV0pzcGRqb0FLY25sX2RjVWM5dTVTY0xPZTFCUjhDdlVxZw?oc=5,Jornal Biz,"Resuma o seguinte texto em 3 frases:

Pesquisa indica os 100 parlamentares mais influentes do Congresso Nacional - Jornal Bizarano - Tener-Mühlángo - Pémocchi da Paolo - St. Peter's Basilica - Esturio Paolo - St. Peter's Basilica - Eustice Pessítica - Bizarano - Gófica, C.C.o. - Guadalajara - Tener-Mühlángo - Pémocchi da Paolo - St. Peter's Basilica - Esturio Paolo - St. Peter's Basilica - Esturio Paolo - St. Peter's Basilica - Etre Nacional Jornal Bizarano, San Bernardino, CA. The city of Pémocchi - Pém"
AMAERJ parabeniza magistrado pelos 31 anos do 11º Concurso - AMAERJ,01/07/2022 10:00,https://news.google.com/rss/articles/CBMilAFBVV95cUxPRUFVTFlGUF96Q1cwQmFrOVA2S21SSVhZY1lVZldBamVPeG1vTGFtbVJ2Vk8tSktnUktQcTdhWlpPVjNjMWZ1SUMtVml0Y2N6VkxFSTBJbk96a05LN0gyN1NaUEowTTZFLXpnUHg4NEVrd2lyR0R5YTVjdWN4ajR6MkJjSlZ0VXotYm1oTW03c01nY3Qt?oc=5,AMAERJ,AMAERJ parabeniza magistrado pelos 31 anos do 11º Concurso - AMAERJ
Cerâmica Motta completa 67 anos de história em Valinhos - Jornal Terceira Visão,29/06/2022 10:00,https://news.google.com/rss/articles/CBMigAFBVV95cUxQNE8wOWszNy1wM1pLUUpINWVQYXhoVDdaREtPb2w1UXRiMWpFUlZSczZtbkNGcnFLbkJNTWVXOFB6emN6Zng0XzRhb0RlU0p4RnB5OVM3cnBzOGZGVU5TM2ZZclB5cDdfRXdadGZmNGV2cnl0UnJtbURfVFZHejFxSg?oc=5,Jornal Terceira Visão,Cerâmica Motta completa 67 anos de história em Valinhos - Jornal Terceira Visão
Adriana Muls atribui a comenda Mérito Industrial à trajetória de 90 anos do DC - Diário do Comércio,28/05/2022 10:00,https://news.google.com/rss/articles/CBMivwFBVV95cUxQSXZuNVpubHA1LWFfN2JRY0p5ZTlVYlVabldaSmdRVThiZW0zcHBPcTExd05fOXh1ZVlkTV93TVJOaGR0X2FfNFB2bFZleWRFbzJKMkFINUdVdUMtdkJQQlZvaUg5My1Gc3B4alZvRzNVRFRpZU9UekFBcmJNMG04NUdPU0Y1T091T0VXRF93SFpEaHBUSGM4OVFkLVpEbGZpUmVOQVRXaU1lYjBXWmhEVUVnS1VyNEp0Z0liUTVNSQ?oc=5,Diário do Comércio,Adriana Muls atribui a comenda Mérito Industrial à trajetória de 90 anos do DC - Diário do Comércio
Câmara demora 2 anos e abre processo contra deputado acusado de desvio de verba - Folha de S.Paulo,27/04/2022 10:00,https://news.google.com/rss/articles/CBMiyAFBVV95cUxPdERmRFNwemdaMXU1ckhnSzJ1SzVGVjZ6NGVlNFhwLU83bWFra0QxWmZHR29yem9sWlNtNVhvbnZTSWtBU3RkU1c1NGRVeTgxUEVKblgxV2ZDN01aRFd1VWFnQWI3djhLcklrNnJaUjhlWWZ3dWtoaU9nc0VlWjN4dWlTWXVOOXFObjcwSGZLamxKWWMwRWNCczRrY0pOQXRCNVQ2M3B2M3M0ODhCbzI1V21SZTd2M3A3emoyY0F4TS0xMUZ4cWx5M9IBzgFBVV95cUxOcGVUYTJHcDM4eHhjdzFSRFdmN3U1VGpORDIzSmlvRmpQVFVGRkFid3Z0clV2cF94VElHYWYxcnV4OE1FMGdmOFJaX0ItSVcwZDNWMGlhVWNaY2pwZjdJZmZ6cmlCckFPTXBDYlRIek1Ga2ZDbEE1ZzNBczNjMzh4bHY4NnpFZDJycDNhNS0xNVN3QVhwaE9yekozTkhpQlZVVUZkbV9hV1RXRXdFcDF4LWNsTmtlSk5ITzktX3VPZ21iYmlaMFdXNkdrcmttZw?oc=5,Folha de S.Paulo,Câmara demora 2 anos e abre processo contra deputado acusado de desvio de verba - Folha de S.Paulo
PL de Rio Preto vai lançar médico a deputado estadual e anunciar apoio a Rodrigo Garcia - Diário da Região,17/04/2022 10:00,https://news.google.com/rss/articles/CBMi1gFBVV95cUxQSDZDS3VRblQtZnFSYVp0ajlfMUFGU1dUWVJTbmpSM1JXVGZjaE1DQURKazRHcDMwNm9mZWtfLVp2SUJ1bzZ1azVEck1TckNFMW1xOHZyaFEwRnFxVkhlbnlmWVVDbXZ6QW1KOVJ2cHQ5YzhwMnlDTzNyMF9Gb0l5UlV0czJmM2NnN0JXb1JGTHhzLUR4QjlvTVN1Z3FrRVA4YnlBSEhRbXNwNU9BOFZQczRxMTZ2aFRscTg3WWJDaFJuRDNveG1CcW5pTzNhLTBFZ2JDTmlR?oc=5,Diário da Região,"Resuma o seguinte texto em 3 frases:

PL de Rio Preto vai lançar médico a deputado estadual e anunciar apoio a Rodrigo Garcia - Diário da Região de Rio, Mestre de Merte de Médico. A detação, de Estados Estadiones no vila ha, se poco para ser que de una su estado a, da essegurador, e a tien lo sino, para cára de las tricas de breno da población y apocesamos.
Andrea-Gonzalez de Merte de Médico, De Giorgio de Meres-Boas:
Albélio, de Estados de Estevez de Ciudad de Médico, de Estados vila ha, se se que"
Racha em São Paulo leva políticos do PL a apoiar Rodrigo Garcia - Diário do Poder,06/04/2022 10:00,https://news.google.com/rss/articles/CBMiuwFBVV95cUxQU1RUdkNZQmRJX2ljN1dYcWxwS1IwZ19kbmxSTkxUY2RMbkEwek1ES3ZrTk1nUzU0R3EyVXBpa2M0TG10Rjd4LS15Z1VrN3I5SVpHQkpJV1ZfRGVQTThSVV9YLUFVdjNyckhRYWZkRU00OGRtcVpqUC1lU1lTclRLcXQ0dFZ2aUNSX1F4WGtMQWpRdUFnZ3hJVTFra1hRa0Z2OHVvMzUxeXNIVHBubTJleS1sdE5EWHROemc40gHAAUFVX3lxTE51SzBhMU04ZjV3VUVOQVFlTjZvcTRacnB4aDJpS0pkS0NDQUk5WS13TUFleldfVkQwMmZDQWxzeThBdVRlWFV2OExKRkVlTVZuSnhFMmdwdktOYlgzTnJpdXlrbnRLTERPaVdTUmRLQlBaOXNFM1B4bmtDZWQ5QzgyT3hXaG9uNkdES1lUc1M2OGhFczVlRFBfT2pYM3VUN1JZUmNfWVEtUVFLdktRNEJnT1dKVkpWa0haY01zQS04YQ?oc=5,Diário do Poder,Racha em São Paulo leva políticos do PL a apoiar Rodrigo Garcia - Diário do Poder
Decreto do governo do estado beneficia produtores de amendoim de Tupã e região - Tupãense Notícias,19/01/2022 11:00,https://news.google.com/rss/articles/CBMiugFBVV95cUxQQ1JCdDlWSnBfRUVMdnY4LUkzdXRuOGgzOXpkZC1DQjBwSFhMSnRod1c3WElkdWFGcHZfbDZnc2dlanc4b3pZNV9scUhESXJ3b01iX0VTTkhvbHV0S1hxV1duVlJfQXZsNUdTeFRCTXJMMWhFUmhKRUlRaUxpZTk4aG5Ga1hOd1c4X05JYzJTem0xbUNRMGlWM3Z3SE9uRENIT3lsQnptV3lpS3Q3QTJuZG5MYTdFMENkTmc?oc=5,Tupãense Notícias,Decreto do governo do estado beneficia produtores de amendoim de Tupã e região - Tupãense Notícias
Carro PcD: comissão aprova projeto que cria cota de produção - Motor1.com Brasil,07/12/2021 11:00,https://news.google.com/rss/articles/CBMie0FVX3lxTFBUME4yaENPWjRmNExNaFY2R01COGVEVXNPRllvLUplNDROd29hcmRTVkwzSHVzMlZOY1hIRGFyNEM5TWM3ZjdZVkpHMWZNcG1oMmVOMVpPd3FsYWh0MFdiSl9kNWFFeFRiQ2RjU3BmbWQ4NlU1ay02T1hrOA?oc=5,Motor1.com Brasil,Carro PcD: comissão aprova projeto que cria cota de produção - Motor1.com Brasil
Deputado Federal Motta avalia filiação de Bolsonaro ao PL - Fala Matão,11/11/2021 11:00,https://news.google.com/rss/articles/CBMiqAFBVV95cUxOMndFRzB6UERGZVhiNnB6YWRvOWFER0czUGlONnRQRGJ0elFvV2xUOFFDZDljN3pUblgyMVF1QkV5S1lBUUpMNndJTGtuNVJ0TnZRenkxR1lTMUI2MExBNzRxUGVVbXJ3dDdzUURCNjE4a2VRNi1DX2ZibXN0MU82THB1alowOW9ZSGQ3NGFmQ05pdGZIOFVlMjgyOXkzMDROOVQ0cGxpbnU?oc=5,Fala Matão,Deputado Federal Motta avalia filiação de Bolsonaro ao PL - Fala Matão
Nova geração assume o comando da Excelsior Alimentos no fim do ano - gaz.com.br,26/08/2021 10:00,https://news.google.com/rss/articles/CBMilAFBVV95cUxNVEdMeWZEQ0JxeGdTaVdmTC1peG1MdENNMzAtX2ZxWXotSm5MOHUtb1RzWW1EaVB1OTdaUVFheUh2b1FCelJXU1o4MmxhWTM3WW5nUFh3cExXZE12U0JHY016cWxFLS1pTU9rbXBiM21HblBiM2ZUaHV0Q3dIM3BSczczQ2lHbGViX01vcjNhMGpTSVI30gGaAUFVX3lxTE5fSHJhTHVka0hKUThBOGxpNHl5Y3NYbnVqVHB4TF9lYVA5MnpHQU5SNVl1ZUtQZUswa084M0RLYkRfTFJ1d2hpQXNSZko4M1FvLS1ZNzZ6SVJyWXA3RUhCMWpXLUV1SXE5V3dHdmFHal9FR05MbEE0NUtqaUpVbG1qbXdVVlRRT0RYM0hua3FiTUFCZEp6MFhLQWc?oc=5,gaz.com.br,Nova geração assume o comando da Excelsior Alimentos no fim do ano - gaz.com.br
Correios: saiba quem são os deputados paulistas que votaram pela privatização - Sindicato dos Bancários,06/08/2021 10:00,https://news.google.com/rss/articles/CBMisAFBVV95cUxOd3NFbFNxYUZXejluWm41b2NNLTJsRnlYXzBTU0Ixa2QtaGoxNUFkRVV1Qk5iM3BBNHFYdU9oSlhmT1pEMzNrYXNaX2xPTkc1Mlc1NEdPZWJTMDVEOXdzTGNYOExvWG5IVUdjaVNQaGkwM3ZqRTJUNFZjVlBicEp6S1BaN1IxQjMxTnI0cHhnYUlsMERqeVloLVRtLVVNa0J6REs4eWk0THE2cm5pMU9CdQ?oc=5,Sindicato dos Bancários,"Resuma o seguinte texto em 3 frases:

Correios: saiba quem são os deputados paulistas que votaram pela privatização - Sindicato dos Bancários"
"Deputado Luiz Carlos Motta fala do 1º de maio, o Dia do Trabalho e a sua responsabilidade - Passando a Régua",30/04/2021 10:00,https://news.google.com/rss/articles/CBMizwFBVV95cUxQNkJHQTJnZUVfTC1DZjR4MHhFaDJLQWRpcTVZNUZGRlJLdTJ6ZGF2OF9uQjh4ZGYtdzZ5X3NsaS1HaldoLXhVS2dXYVNvdFE1b3k1RmY1SGxUQVd5SmpvRm80MTdDMkJHeWhya1ZDenF6eldvR1dNb2J0emw1TFVLQ0ZqSDJZOHFhZlhHaFBCSXljdEp5eEhWUFhsTUxvNngxNXFfNk1BbE81S0FzUWFoY1pEaW1VRlctREdlTXFRM2NZa1I2eVpYenYtemlHb2s?oc=5,Passando a Régua,"Deputado Luiz Carlos Motta fala do 1º de maio, o Dia do Trabalho e a sua responsabilidade - Passando a Régua"
Proposta prevê isenção tributária para seringa e agulha na pandemia - Portal da Câmara dos Deputados,14/04/2021 10:00,https://news.google.com/rss/articles/CBMirwFBVV95cUxQbVNGenZqZW1OY3NJcHd3V05YTzU0UENpS3N2VjFmREVhdVh6SFZZV2VjLVhlelJsV3dpTEZxeUxJOHpkSk9fTjV6RWxpaU02aVg1VDdGSFNiaVJsaWJNWVRNTXNROERvcGdnd3pZWmdjRXhnaE5MTXhhRVN5SWRhZnRwWVB0R2RjMmZGaXlDSDQzN2hYQVdRM2JJRFN2U2lVRjE4VktVMTJJRHYxRnVV?oc=5,Portal da Câmara dos Deputados,Proposta prevê isenção tributária para seringa e agulha na pandemia - Portal da Câmara dos Deputados
CRT-SP e DENATRAN reúnem-se em ambiente virtual - CRT-SP,10/03/2021 11:00,https://news.google.com/rss/articles/CBMieEFVX3lxTE9ZLVNKV0VhcllkbEJXM0JUSFh3M2JUc2pySzc2YWtoeVBObjdiQ1VsY2hJTHNVeDRudWlEeXo3S3NRLVBFd1FWQ1hNMnMxR2piWTh2TmVfMUpsMHBTTGRHcWpKZXRrcDdXRTRsQndQR2tqSUIwbVMzeg?oc=5,CRT-SP,CRT-SP e DENATRAN reúnem-se em ambiente virtual - CRT-SP
Demissão em massa é evitada graças a derrubada de veto articulada por deputado de SP - dlnews.com.br,02/12/2020 11:00,https://news.google.com/rss/articles/CBMiwgFBVV95cUxQVjRaVm9hRk5JaC1uTTdkODJLWUVrZDE1ZHluM2p6WGc2cFlTSmN4dmZSMjUtVk81Y2NNSmQxVjB3cXo0YS1lbDJHM3pVM3VGVFVLR1lmMkJIWXJwY29jTDQxeHJ0UFRSeUVJd1NkNmdTLU9yekZ1VklwaThXVUtSaGFDbjlTSEFzcjl1Q1ZlYk9kQ2Y4aVl0aEE5QkdzdkI2QnM4N3YzWkJMWmtON2VPSG9vT1RRSXFwYTkzRXU2VlY0Zw?oc=5,dlnews.com.br,"Resuma o seguinte texto em 3 frases:

Demissão em massa é evitada graças a derrubada de veto articulada por deputado de SP - dlnews.com.br/faoen - o fotos por dremos
Erova das, não mães do que cio, o fotos por makudo
Erova em viede a dado de negari, o mama tinto
Eremina de que a quando do bajo serrabaçao un esta escatírio da gente a que nada e o un em bajo serrabaçao todos su quando para público
Etras como que a nada es o detuas da o a partada a ciendo y quando.
Nateos como de que y"
Motta esteve na Predilecta e destacou a importância do setor - A Comarca | Home,17/11/2020 11:00,https://news.google.com/rss/articles/CBMiaEFVX3lxTE9sZWlkSTFrRWUyT2tka19rS1g4Z01aNUJjRmJER3hGdmtaME9rbXY1eTlPUHdvaVB6eHhfZFh3UGVWbnJESndKQzNic0FlaFdaS2NjSHk4ejluSXpRYWNzaVRVaHBReGtS?oc=5,A Comarca | Home,Motta esteve na Predilecta e destacou a importância do setor - A Comarca | Home
"Relatoria da MP das Tarifas de Energia passa a ser cobiçada; Luiz Motta, de SP, tem a preferência - Agência iNFRA",29/10/2020 10:00,https://news.google.com/rss/articles/CBMiwwFBVV95cUxQM3U1eEJfLTVoNFVBMG52VlN3aUQyQlpjUWNoTy16MlJ0Q09kVjdjUm1FdEw0b0VxTVhjV09oTmVpc2JTWGhkbnNhT2hBRkRYc0xJR3VvQk1fR01FaExUWW1JemVCUUxFU0tsSDNOcng5TXlGNWxiNU45LUZ5OGt3NEFYYl9GZXAteHhEdFRHUmJiTWRyRXpHOWlROEhXRlg4YWhDSVNXUFM5cEt4VFZEMVVuNjlPNzdzcHZVMzFZR2JRdms?oc=5,Agência iNFRA,"Relatoria da MP das Tarifas de Energia passa a ser cobiçada; Luiz Motta, de SP, tem a preferência - Agência iNFRA"
Projeto permite saque do FGTS para pagar despesas com planos de saúde - Portal da Câmara dos Deputados,15/09/2020 10:00,https://news.google.com/rss/articles/CBMisgFBVV95cUxOZk5kR0VsS1dZcGJfcDVkMmRCM3RsbVlPUlJDWGtwc1hjaXJKOHhNVmw2bFgzaWdBaEx4ejFtYlJ1Y3NsNWFoeDQxR3hUNF8tQmxkTi1YMWdGdnM0TXV3UUZBbGZkZ3pNQjR6X1BXeXdRZEs0Q0dXaUtabWdUaWprajg3V2xJVm9RZkNLUVR5VnduVkZ0VkZlSFpTN1pKNGFpdEdTNnAwd1paTDQxd0ZHRHZB?oc=5,Portal da Câmara dos Deputados,Projeto permite saque do FGTS para pagar despesas com planos de saúde - Portal da Câmara dos Deputados
"Inscrições para corrida ""Pedestre Luiz Carlos Motta"" em Sertãozinho estão abertas - Revide",24/02/2019 11:00,https://news.google.com/rss/articles/CBMizgFBVV95cUxPY2VuUU0xN1NMRVZZNmVhVEllRDhBcUFtQXZ1eXVOM0oxcjRMQTliMHM0LXEzaXNmTmgyQmJUZURLNGY4dUFHbkY1RkRHekxIOUxtbFl1UGU5Z3NKNnduZ0ZaSEpndzc4WjJHeUltbmRMREJBWlFDdFR2U0dlSEZaZW5HSktzWUZRTGxsdWF4eW8xLW5uWlVLblFUS2xFNFVZdWRxZW5YS3Zxdnh4NG1sMHlsWUJXOWNXMXlXUU50eVN1VU9WTVZqeXZMM3Qydw?oc=5,Revide,"Inscrições para corrida ""Pedestre Luiz Carlos Motta"" em Sertãozinho estão abertas - Revide"
Deputado federal eleito Motta firma compromisso com a Santa Casa de Votuporanga - A Cidade de Votuporanga,10/12/2018 11:00,https://news.google.com/rss/articles/CBMi1gFBVV95cUxPOGdYM0VwanhaY0NWbTl0U1E2dkJNMzB4VFg1LWZWRW1hNzFVVzdjc3k3RUp3cEtZTUJwbnlQNk4xU3RCeEc3Tkt2SmVncVpuWUh1YTNZNzhsUlBoWjJPT2xuRVBZZ29tOFY2MC1USkZnWEp1YmYyZ3pCWjlEMjZBRlpldnVtNWJVYnNhS1pZaEhNSGNGR2VKSkJXZkJDa3RJT2NmbDhrVFFIRmpkZk5IWkRoQ2hlcFBDaTJQN3Y1RU5yRTB1bGpZeDd4YmxxQnFQUDI3eVd3?oc=5,A Cidade de Votuporanga,Deputado federal eleito Motta firma compromisso com a Santa Casa de Votuporanga - A Cidade de Votuporanga
"Ricardo Madalena, Motta, Milton Monti e vereadores estão na CANETADA da semana - Jornal Biz",15/10/2018 10:00,https://news.google.com/rss/articles/CBMiUkFVX3lxTE5pZzlKN1hxcXNNY3ByU3FZSDE2SFBZNHpYNV9BQWYtMTJqb1FNclMxSXdBWkZPSGNIN3d3WHo3MlhEUW5QU0kyd2FlcUdMUzNqa1E?oc=5,Jornal Biz,"Resuma o seguinte texto em 3 frases:

Ricardo Madalena, Motta, Milton Monti e vereadores estão na CANETADA da semana - Jornal Biznejo Osegueão - Maas de darboros o vousa:
Ricardo Madalena, Motta, Milton Monti e vereadores estão na CANETADA da semana - Jornal Biznejo Osegueão - Maas de darboros o vousa:
Motta, Milton Monti e vereadores estão na CANETADA da semana - Jornal Biznejo Osegueão - Maas de darboros o vousa:
Ricardo Madalena, Motta, Milton Monti e vereadores estão na CANETADA da semana - Jornal Biznejo O"
"Carlão, Motta e Pinato são os preferidos dos vereadores de Votuporanga - A Cidade de Votuporanga",28/08/2018 10:00,https://news.google.com/rss/articles/CBMiyAFBVV95cUxNSkdTVF9qVXBFVnVuS1B2MFlqclZtX2daSVNaaENEMWg2dUJZUjVNRy1rX2Z0cmdhdkh4SVVzN1FoY0ZRbmtnWXRXa2ZBVncxUHVHcE1DNzlsSnJjZVEwZVFPeUxGYnd2YnpCNGJac3lfYXZoaXFzWFpUeEd4aEd2YTFONWVEdDJQZ28wZ1AtSUUyeE9JcnNndjlZMGxId04yMjFISWh4QmNUbGpzZEE0VXRRZlhpank4NlRKMzRzWkF0SUU3UmUyYg?oc=5,A Cidade de Votuporanga,"Carlão, Motta e Pinato são os preferidos dos vereadores de Votuporanga - A Cidade de Votuporanga"
Francisco Rossi é pré-candidato a deputado estadual pelo PR e apoia Motta como Federal - O Repórter Regional,08/08/2018 10:00,https://news.google.com/rss/articles/CBMi0gFBVV95cUxNMFdDUjVxa0gwb09pU2tDQzg2YU1pTUpjMy16aGx6NWRGUWRNU0VYS1VBUFItMzJESF9qWWRzT3oxYWFvVWl1LVZWU0xmUkh2N2RNZ05hbmVWQzhHNFhTa1FOT1lXVzJVeTRLbzJpV2l1dUZGcWFwbTl4RTFyVVI2ZkxBbHhIbWlib0pKTlB5VlQtNzI2SmFPZXhMSjVzVnl4S3M5U1M4c1F1WUJNTV9yOEhnZUM3dzZqYWVwUXlIbkZ6MUZsamVnMzdqblJuRXBnVUE?oc=5,O Repórter Regional,Francisco Rossi é pré-candidato a deputado estadual pelo PR e apoia Motta como Federal - O Repórter Regional
Câmara de Tupã homenageia presidente da Fecomerciários - Assembleia Legislativa do Estado de São Paulo,17/09/2015 10:00,https://news.google.com/rss/articles/CBMiVkFVX3lxTFBXQkM3cW53N1hQaFVhNGhGbzAwaTdUdkJ1T1N2cmFkczM3dXRPTk1NUENUWmNLZWxHWEtrczloN2VVZ2RkSGlYVDdQX0hBYlppYktjMV9B?oc=5,Assembleia Legislativa do Estado de São Paulo,Câmara de Tupã homenageia presidente da Fecomerciários - Assembleia Legislativa do Estado de São Paulo
Presidente da Fecomerciários presidirá departamento sindical - Assembleia Legislativa do Estado de São Paulo,07/05/2015 10:00,https://news.google.com/rss/articles/CBMiV0FVX3lxTE50NUVjR05XeldVNFZaVkk1ZTZJbkJjT1h2WlNGTWt0MHNKaHZOdHdLUUpCLU50eTkybWtrNHJTbkl6aE10b0FjQWliNzlRbnRVOU94SVVHYw?oc=5,Assembleia Legislativa do Estado de São Paulo,Presidente da Fecomerciários presidirá departamento sindical - Assembleia Legislativa do Estado de São Paulo
